// Validating benchmarks:
// ***** BenchmarkRunner: Start   *****
// ***** Found 8 benchmark(s) in total *****
// ***** Building 1 exe(s) in Parallel: Start   *****
// start dotnet restore gen.csproj /p:ArtifactsPath="E:\ALL.net\Assigments & Solutions\Assignment4Upload\judge22-Assignment-4\assignment1-4\AcademyScheduleAnalyzer\AcademyScheduleAnalyzer\AcademyScheduleAnalyzer\.bdn\1\a" /p:BenchmarkDotNetGatherReferences=true --nodeReuse:false /p:UseSharedCompilation=false /p:Deterministic=true /p:Optimize=true in E:\ALL.net\Assigments & Solutions\Assignment4Upload\judge22-Assignment-4\assignment1-4\AcademyScheduleAnalyzer\AcademyScheduleAnalyzer\AcademyScheduleAnalyzer\.bdn\1
// command took 3.12 sec and exited with 0
// start dotnet build gen.csproj -f net10.0 -c Release /p:ArtifactsPath="E:\ALL.net\Assigments & Solutions\Assignment4Upload\judge22-Assignment-4\assignment1-4\AcademyScheduleAnalyzer\AcademyScheduleAnalyzer\AcademyScheduleAnalyzer\.bdn\1\a" /p:BenchmarkDotNetGatherReferences=true --no-restore --nodeReuse:false /p:UseSharedCompilation=false /p:Deterministic=true /p:Optimize=true in E:\ALL.net\Assigments & Solutions\Assignment4Upload\judge22-Assignment-4\assignment1-4\AcademyScheduleAnalyzer\AcademyScheduleAnalyzer\AcademyScheduleAnalyzer\.bdn\1
// command took 6.19 sec and exited with 0
// start dotnet build gen.csproj -f net10.0 -c Release /p:ArtifactsPath="E:\ALL.net\Assigments & Solutions\Assignment4Upload\judge22-Assignment-4\assignment1-4\AcademyScheduleAnalyzer\AcademyScheduleAnalyzer\AcademyScheduleAnalyzer\.bdn\1\a" --nodeReuse:false /p:UseSharedCompilation=false /p:Deterministic=true /p:Optimize=true in E:\ALL.net\Assigments & Solutions\Assignment4Upload\judge22-Assignment-4\assignment1-4\AcademyScheduleAnalyzer\AcademyScheduleAnalyzer\AcademyScheduleAnalyzer\.bdn\1
// command took 8.67 sec and exited with 0
// ***** Done, took 00:00:18 (18.22 sec)   *****
// Found 8 benchmarks:
//   StringBenchmark.StringConcatenation: DefaultJob [N=100]
//   StringBenchmark.StringBuilderConcatenation: DefaultJob [N=100]
//   StringBenchmark.StringConcatenation: DefaultJob [N=1000]
//   StringBenchmark.StringBuilderConcatenation: DefaultJob [N=1000]
//   StringBenchmark.StringConcatenation: DefaultJob [N=10000]
//   StringBenchmark.StringBuilderConcatenation: DefaultJob [N=10000]
//   StringBenchmark.StringConcatenation: DefaultJob [N=100000]
//   StringBenchmark.StringBuilderConcatenation: DefaultJob [N=100000]

Setup power plan (GUID: 8c5e7fda-e8bf-4a96-9a85-a6e23a8c635c FriendlyName: High performance)
// **************************
// Benchmark: StringBenchmark.StringConcatenation: DefaultJob [N=100]
// *** Execute ***
// Launch: 1 / 1
// Execute: dotnet AcademyScheduleAnalyzer-gen.dll --ipcPort 60252 --benchmarkName "AcademyScheduleAnalyzer.Benchmarks.StringBenchmark.StringConcatenation(N: 100)" --job Default --diagnoserRunMode 3 --benchmarkId 0 in E:\ALL.net\Assigments & Solutions\Assignment4Upload\judge22-Assignment-4\assignment1-4\AcademyScheduleAnalyzer\AcademyScheduleAnalyzer\AcademyScheduleAnalyzer\.bdn\1\b
// BeforeAnythingElse

// Benchmark Process Environment Information:
// BenchmarkDotNet v0.16.0-preview.2
// Runtime=.NET 10.0.11 (10.0.11, 10.0.1126.37416), X64 RyuJIT x86-64-v3
// GC=Concurrent Workstation
// HardwareIntrinsics=AVX2+BMI1+BMI2+F16C+FMA+LZCNT+MOVBE,AVX,SSE3+SSSE3+SSE4.1+SSE4.2+POPCNT,X86Base+SSE+SSE2,AES+PCLMUL VectorSize=256
// Job: DefaultJob

WorkloadJitting  1: 1 op, 258700.00 ns, 258.7000 us/op
WorkloadJitting  2: 30 op, 217900.00 ns, 7.2633 us/op
WorkloadJitting  3: 30 op, 179000.00 ns, 5.9667 us/op
WorkloadJitting  4: 1 op, 7700.00 ns, 7.7000 us/op

WorkloadPilot    1: 1 op, 5700.00 ns, 5.7000 us/op

WorkloadPilot    1: 16 op, 85200.00 ns, 5.3250 us/op
WorkloadPilot    2: 32 op, 456400.00 ns, 14.2625 us/op
WorkloadPilot    3: 64 op, 631200.00 ns, 9.8625 us/op
WorkloadPilot    4: 128 op, 1502500.00 ns, 11.7383 us/op
WorkloadPilot    5: 256 op, 3789900.00 ns, 14.8043 us/op
WorkloadPilot    6: 512 op, 4381800.00 ns, 8.5582 us/op
WorkloadPilot    7: 1024 op, 7944500.00 ns, 7.7583 us/op
WorkloadPilot    8: 2048 op, 16514700.00 ns, 8.0638 us/op
WorkloadPilot    9: 4096 op, 29393200.00 ns, 7.1761 us/op
WorkloadPilot   10: 8192 op, 52126500.00 ns, 6.3631 us/op
WorkloadPilot   11: 16384 op, 96820200.00 ns, 5.9094 us/op
WorkloadPilot   12: 32768 op, 211823100.00 ns, 6.4643 us/op
WorkloadPilot   13: 65536 op, 358062900.00 ns, 5.4636 us/op
WorkloadPilot   14: 131072 op, 585334200.00 ns, 4.4657 us/op

WorkloadWarmup   1: 131072 op, 612832600.00 ns, 4.6755 us/op
WorkloadWarmup   2: 131072 op, 449460200.00 ns, 3.4291 us/op
WorkloadWarmup   3: 131072 op, 468867700.00 ns, 3.5772 us/op
WorkloadWarmup   4: 131072 op, 460553100.00 ns, 3.5137 us/op
WorkloadWarmup   5: 131072 op, 523211600.00 ns, 3.9918 us/op
WorkloadWarmup   6: 131072 op, 518059000.00 ns, 3.9525 us/op

// BeforeActualRun
WorkloadActual   1: 131072 op, 517915400.00 ns, 3.9514 us/op
WorkloadActual   2: 131072 op, 452134600.00 ns, 3.4495 us/op
WorkloadActual   3: 131072 op, 535925900.00 ns, 4.0888 us/op
WorkloadActual   4: 131072 op, 623907100.00 ns, 4.7600 us/op
WorkloadActual   5: 131072 op, 722695600.00 ns, 5.5137 us/op
WorkloadActual   6: 131072 op, 601146200.00 ns, 4.5864 us/op
WorkloadActual   7: 131072 op, 553119300.00 ns, 4.2200 us/op
WorkloadActual   8: 131072 op, 718943400.00 ns, 5.4851 us/op
WorkloadActual   9: 131072 op, 518632100.00 ns, 3.9568 us/op
WorkloadActual  10: 131072 op, 491251000.00 ns, 3.7479 us/op
WorkloadActual  11: 131072 op, 460608000.00 ns, 3.5142 us/op
WorkloadActual  12: 131072 op, 464032800.00 ns, 3.5403 us/op
WorkloadActual  13: 131072 op, 498921200.00 ns, 3.8065 us/op
WorkloadActual  14: 131072 op, 455348700.00 ns, 3.4740 us/op
WorkloadActual  15: 131072 op, 496863900.00 ns, 3.7908 us/op
WorkloadActual  16: 131072 op, 584265700.00 ns, 4.4576 us/op
WorkloadActual  17: 131072 op, 455566200.00 ns, 3.4757 us/op
WorkloadActual  18: 131072 op, 376297500.00 ns, 2.8709 us/op
WorkloadActual  19: 131072 op, 386199700.00 ns, 2.9465 us/op
WorkloadActual  20: 131072 op, 389149800.00 ns, 2.9690 us/op
WorkloadActual  21: 131072 op, 476811300.00 ns, 3.6378 us/op
WorkloadActual  22: 131072 op, 429372100.00 ns, 3.2758 us/op
WorkloadActual  23: 131072 op, 516787800.00 ns, 3.9428 us/op
WorkloadActual  24: 131072 op, 582788000.00 ns, 4.4463 us/op
WorkloadActual  25: 131072 op, 602155500.00 ns, 4.5941 us/op
WorkloadActual  26: 131072 op, 507749700.00 ns, 3.8738 us/op
WorkloadActual  27: 131072 op, 516014400.00 ns, 3.9369 us/op
WorkloadActual  28: 131072 op, 509548500.00 ns, 3.8875 us/op
WorkloadActual  29: 131072 op, 385252200.00 ns, 2.9392 us/op
WorkloadActual  30: 131072 op, 415579000.00 ns, 3.1706 us/op
WorkloadActual  31: 131072 op, 463602900.00 ns, 3.5370 us/op
WorkloadActual  32: 131072 op, 453382200.00 ns, 3.4590 us/op
WorkloadActual  33: 131072 op, 508323200.00 ns, 3.8782 us/op
WorkloadActual  34: 131072 op, 414616200.00 ns, 3.1633 us/op
WorkloadActual  35: 131072 op, 441221300.00 ns, 3.3663 us/op
WorkloadActual  36: 131072 op, 497894400.00 ns, 3.7986 us/op
WorkloadActual  37: 131072 op, 516932000.00 ns, 3.9439 us/op
WorkloadActual  38: 131072 op, 479658800.00 ns, 3.6595 us/op
WorkloadActual  39: 131072 op, 572640600.00 ns, 4.3689 us/op
WorkloadActual  40: 131072 op, 475666800.00 ns, 3.6290 us/op
WorkloadActual  41: 131072 op, 541840800.00 ns, 4.1339 us/op
WorkloadActual  42: 131072 op, 448074200.00 ns, 3.4185 us/op
WorkloadActual  43: 131072 op, 497629100.00 ns, 3.7966 us/op
WorkloadActual  44: 131072 op, 555943600.00 ns, 4.2415 us/op
WorkloadActual  45: 131072 op, 469883700.00 ns, 3.5849 us/op
WorkloadActual  46: 131072 op, 443391000.00 ns, 3.3828 us/op
WorkloadActual  47: 131072 op, 491873200.00 ns, 3.7527 us/op
WorkloadActual  48: 131072 op, 472614500.00 ns, 3.6058 us/op
WorkloadActual  49: 131072 op, 492832800.00 ns, 3.7600 us/op
WorkloadActual  50: 131072 op, 462256100.00 ns, 3.5267 us/op
WorkloadActual  51: 131072 op, 418549800.00 ns, 3.1933 us/op
WorkloadActual  52: 131072 op, 460497600.00 ns, 3.5133 us/op
WorkloadActual  53: 131072 op, 410728200.00 ns, 3.1336 us/op
WorkloadActual  54: 131072 op, 471582300.00 ns, 3.5979 us/op
WorkloadActual  55: 131072 op, 550645100.00 ns, 4.2011 us/op
WorkloadActual  56: 131072 op, 588501800.00 ns, 4.4899 us/op
WorkloadActual  57: 131072 op, 491038300.00 ns, 3.7463 us/op
WorkloadActual  58: 131072 op, 489098000.00 ns, 3.7315 us/op
WorkloadActual  59: 131072 op, 532091500.00 ns, 4.0595 us/op
WorkloadActual  60: 131072 op, 547270900.00 ns, 4.1753 us/op
WorkloadActual  61: 131072 op, 516614400.00 ns, 3.9415 us/op
WorkloadActual  62: 131072 op, 496128300.00 ns, 3.7852 us/op
WorkloadActual  63: 131072 op, 546369800.00 ns, 4.1685 us/op
WorkloadActual  64: 131072 op, 500729900.00 ns, 3.8203 us/op
WorkloadActual  65: 131072 op, 541270200.00 ns, 4.1296 us/op
WorkloadActual  66: 131072 op, 476157000.00 ns, 3.6328 us/op
WorkloadActual  67: 131072 op, 433727900.00 ns, 3.3091 us/op
WorkloadActual  68: 131072 op, 459563200.00 ns, 3.5062 us/op
WorkloadActual  69: 131072 op, 668979400.00 ns, 5.1039 us/op
WorkloadActual  70: 131072 op, 588912200.00 ns, 4.4930 us/op
WorkloadActual  71: 131072 op, 474698200.00 ns, 3.6217 us/op
WorkloadActual  72: 131072 op, 369779500.00 ns, 2.8212 us/op
WorkloadActual  73: 131072 op, 407617300.00 ns, 3.1099 us/op
WorkloadActual  74: 131072 op, 433158900.00 ns, 3.3047 us/op
WorkloadActual  75: 131072 op, 430644000.00 ns, 3.2856 us/op
WorkloadActual  76: 131072 op, 424370400.00 ns, 3.2377 us/op
WorkloadActual  77: 131072 op, 412664100.00 ns, 3.1484 us/op
WorkloadActual  78: 131072 op, 525332800.00 ns, 4.0080 us/op
WorkloadActual  79: 131072 op, 547259000.00 ns, 4.1753 us/op
WorkloadActual  80: 131072 op, 454083200.00 ns, 3.4644 us/op
WorkloadActual  81: 131072 op, 472714600.00 ns, 3.6065 us/op
WorkloadActual  82: 131072 op, 480103500.00 ns, 3.6629 us/op
WorkloadActual  83: 131072 op, 359782500.00 ns, 2.7449 us/op
WorkloadActual  84: 131072 op, 411318800.00 ns, 3.1381 us/op
WorkloadActual  85: 131072 op, 413670600.00 ns, 3.1561 us/op
WorkloadActual  86: 131072 op, 389400800.00 ns, 2.9709 us/op
WorkloadActual  87: 131072 op, 411903800.00 ns, 3.1426 us/op
WorkloadActual  88: 131072 op, 391143000.00 ns, 2.9842 us/op
WorkloadActual  89: 131072 op, 414674200.00 ns, 3.1637 us/op
WorkloadActual  90: 131072 op, 454939000.00 ns, 3.4709 us/op
WorkloadActual  91: 131072 op, 497574900.00 ns, 3.7962 us/op
WorkloadActual  92: 131072 op, 508449200.00 ns, 3.8792 us/op
WorkloadActual  93: 131072 op, 530167900.00 ns, 4.0449 us/op
WorkloadActual  94: 131072 op, 402130300.00 ns, 3.0680 us/op
WorkloadActual  95: 131072 op, 496635900.00 ns, 3.7890 us/op
WorkloadActual  96: 131072 op, 435033200.00 ns, 3.3190 us/op
WorkloadActual  97: 131072 op, 465982200.00 ns, 3.5552 us/op
WorkloadActual  98: 131072 op, 451913900.00 ns, 3.4478 us/op
WorkloadActual  99: 131072 op, 427097000.00 ns, 3.2585 us/op
WorkloadActual  100: 131072 op, 418455700.00 ns, 3.1926 us/op

// AfterActualRun
// BeforeExtraIteration
// AfterExtraIteration
WorkloadExtra    1: 131072 op, 432013600.00 ns, 3.2960 us/op
WorkloadResult   1: 131072 op, 517915400.00 ns, 3.9514 us/op
WorkloadResult   2: 131072 op, 452134600.00 ns, 3.4495 us/op
WorkloadResult   3: 131072 op, 535925900.00 ns, 4.0888 us/op
WorkloadResult   4: 131072 op, 623907100.00 ns, 4.7600 us/op
WorkloadResult   5: 131072 op, 601146200.00 ns, 4.5864 us/op
WorkloadResult   6: 131072 op, 553119300.00 ns, 4.2200 us/op
WorkloadResult   7: 131072 op, 518632100.00 ns, 3.9568 us/op
WorkloadResult   8: 131072 op, 491251000.00 ns, 3.7479 us/op
WorkloadResult   9: 131072 op, 460608000.00 ns, 3.5142 us/op
WorkloadResult  10: 131072 op, 464032800.00 ns, 3.5403 us/op
WorkloadResult  11: 131072 op, 498921200.00 ns, 3.8065 us/op
WorkloadResult  12: 131072 op, 455348700.00 ns, 3.4740 us/op
WorkloadResult  13: 131072 op, 496863900.00 ns, 3.7908 us/op
WorkloadResult  14: 131072 op, 584265700.00 ns, 4.4576 us/op
WorkloadResult  15: 131072 op, 455566200.00 ns, 3.4757 us/op
WorkloadResult  16: 131072 op, 376297500.00 ns, 2.8709 us/op
WorkloadResult  17: 131072 op, 386199700.00 ns, 2.9465 us/op
WorkloadResult  18: 131072 op, 389149800.00 ns, 2.9690 us/op
WorkloadResult  19: 131072 op, 476811300.00 ns, 3.6378 us/op
WorkloadResult  20: 131072 op, 429372100.00 ns, 3.2758 us/op
WorkloadResult  21: 131072 op, 516787800.00 ns, 3.9428 us/op
WorkloadResult  22: 131072 op, 582788000.00 ns, 4.4463 us/op
WorkloadResult  23: 131072 op, 602155500.00 ns, 4.5941 us/op
WorkloadResult  24: 131072 op, 507749700.00 ns, 3.8738 us/op
WorkloadResult  25: 131072 op, 516014400.00 ns, 3.9369 us/op
WorkloadResult  26: 131072 op, 509548500.00 ns, 3.8875 us/op
WorkloadResult  27: 131072 op, 385252200.00 ns, 2.9392 us/op
WorkloadResult  28: 131072 op, 415579000.00 ns, 3.1706 us/op
WorkloadResult  29: 131072 op, 463602900.00 ns, 3.5370 us/op
WorkloadResult  30: 131072 op, 453382200.00 ns, 3.4590 us/op
WorkloadResult  31: 131072 op, 508323200.00 ns, 3.8782 us/op
WorkloadResult  32: 131072 op, 414616200.00 ns, 3.1633 us/op
WorkloadResult  33: 131072 op, 441221300.00 ns, 3.3663 us/op
WorkloadResult  34: 131072 op, 497894400.00 ns, 3.7986 us/op
WorkloadResult  35: 131072 op, 516932000.00 ns, 3.9439 us/op
WorkloadResult  36: 131072 op, 479658800.00 ns, 3.6595 us/op
WorkloadResult  37: 131072 op, 572640600.00 ns, 4.3689 us/op
WorkloadResult  38: 131072 op, 475666800.00 ns, 3.6290 us/op
WorkloadResult  39: 131072 op, 541840800.00 ns, 4.1339 us/op
WorkloadResult  40: 131072 op, 448074200.00 ns, 3.4185 us/op
WorkloadResult  41: 131072 op, 497629100.00 ns, 3.7966 us/op
WorkloadResult  42: 131072 op, 555943600.00 ns, 4.2415 us/op
WorkloadResult  43: 131072 op, 469883700.00 ns, 3.5849 us/op
WorkloadResult  44: 131072 op, 443391000.00 ns, 3.3828 us/op
WorkloadResult  45: 131072 op, 491873200.00 ns, 3.7527 us/op
WorkloadResult  46: 131072 op, 472614500.00 ns, 3.6058 us/op
WorkloadResult  47: 131072 op, 492832800.00 ns, 3.7600 us/op
WorkloadResult  48: 131072 op, 462256100.00 ns, 3.5267 us/op
WorkloadResult  49: 131072 op, 418549800.00 ns, 3.1933 us/op
WorkloadResult  50: 131072 op, 460497600.00 ns, 3.5133 us/op
WorkloadResult  51: 131072 op, 410728200.00 ns, 3.1336 us/op
WorkloadResult  52: 131072 op, 471582300.00 ns, 3.5979 us/op
WorkloadResult  53: 131072 op, 550645100.00 ns, 4.2011 us/op
WorkloadResult  54: 131072 op, 588501800.00 ns, 4.4899 us/op
WorkloadResult  55: 131072 op, 491038300.00 ns, 3.7463 us/op
WorkloadResult  56: 131072 op, 489098000.00 ns, 3.7315 us/op
WorkloadResult  57: 131072 op, 532091500.00 ns, 4.0595 us/op
WorkloadResult  58: 131072 op, 547270900.00 ns, 4.1753 us/op
WorkloadResult  59: 131072 op, 516614400.00 ns, 3.9415 us/op
WorkloadResult  60: 131072 op, 496128300.00 ns, 3.7852 us/op
WorkloadResult  61: 131072 op, 546369800.00 ns, 4.1685 us/op
WorkloadResult  62: 131072 op, 500729900.00 ns, 3.8203 us/op
WorkloadResult  63: 131072 op, 541270200.00 ns, 4.1296 us/op
WorkloadResult  64: 131072 op, 476157000.00 ns, 3.6328 us/op
WorkloadResult  65: 131072 op, 433727900.00 ns, 3.3091 us/op
WorkloadResult  66: 131072 op, 459563200.00 ns, 3.5062 us/op
WorkloadResult  67: 131072 op, 588912200.00 ns, 4.4930 us/op
WorkloadResult  68: 131072 op, 474698200.00 ns, 3.6217 us/op
WorkloadResult  69: 131072 op, 369779500.00 ns, 2.8212 us/op
WorkloadResult  70: 131072 op, 407617300.00 ns, 3.1099 us/op
WorkloadResult  71: 131072 op, 433158900.00 ns, 3.3047 us/op
WorkloadResult  72: 131072 op, 430644000.00 ns, 3.2856 us/op
WorkloadResult  73: 131072 op, 424370400.00 ns, 3.2377 us/op
WorkloadResult  74: 131072 op, 412664100.00 ns, 3.1484 us/op
WorkloadResult  75: 131072 op, 525332800.00 ns, 4.0080 us/op
WorkloadResult  76: 131072 op, 547259000.00 ns, 4.1753 us/op
WorkloadResult  77: 131072 op, 454083200.00 ns, 3.4644 us/op
WorkloadResult  78: 131072 op, 472714600.00 ns, 3.6065 us/op
WorkloadResult  79: 131072 op, 480103500.00 ns, 3.6629 us/op
WorkloadResult  80: 131072 op, 359782500.00 ns, 2.7449 us/op
WorkloadResult  81: 131072 op, 411318800.00 ns, 3.1381 us/op
WorkloadResult  82: 131072 op, 413670600.00 ns, 3.1561 us/op
WorkloadResult  83: 131072 op, 389400800.00 ns, 2.9709 us/op
WorkloadResult  84: 131072 op, 411903800.00 ns, 3.1426 us/op
WorkloadResult  85: 131072 op, 391143000.00 ns, 2.9842 us/op
WorkloadResult  86: 131072 op, 414674200.00 ns, 3.1637 us/op
WorkloadResult  87: 131072 op, 454939000.00 ns, 3.4709 us/op
WorkloadResult  88: 131072 op, 497574900.00 ns, 3.7962 us/op
WorkloadResult  89: 131072 op, 508449200.00 ns, 3.8792 us/op
WorkloadResult  90: 131072 op, 530167900.00 ns, 4.0449 us/op
WorkloadResult  91: 131072 op, 402130300.00 ns, 3.0680 us/op
WorkloadResult  92: 131072 op, 496635900.00 ns, 3.7890 us/op
WorkloadResult  93: 131072 op, 435033200.00 ns, 3.3190 us/op
WorkloadResult  94: 131072 op, 465982200.00 ns, 3.5552 us/op
WorkloadResult  95: 131072 op, 451913900.00 ns, 3.4478 us/op
WorkloadResult  96: 131072 op, 427097000.00 ns, 3.2585 us/op
WorkloadResult  97: 131072 op, 418455700.00 ns, 3.1926 us/op
// GC:  435 0 0 2733637632 131072

// AfterAll
// Benchmark Process 8444 has exited with code 0.

Mean = 3.644 μs, StdErr = 0.045 μs (1.24%), N = 97, StdDev = 0.446 μs
Min = 2.745 μs, Q1 = 3.305 μs, Median = 3.622 μs, Q3 = 3.941 μs, Max = 4.760 μs
IQR = 0.637 μs, LowerFence = 2.350 μs, UpperFence = 4.897 μs
ConfidenceInterval = [3.491 μs; 3.798 μs] (CI 99.9%), Margin = 0.154 μs (4.22% of Mean)
Skewness = 0.26, Kurtosis = 2.5, MValue = 2.56

// ** Remained 7 (87.5%) benchmark(s) to run. Estimated finish 2026-09-26 16:22 (0h 6m from now) **
Setup power plan (GUID: 8c5e7fda-e8bf-4a96-9a85-a6e23a8c635c FriendlyName: High performance)
// **************************
// Benchmark: StringBenchmark.StringBuilderConcatenation: DefaultJob [N=100]
// *** Execute ***
// Launch: 1 / 1
// Execute: dotnet AcademyScheduleAnalyzer-gen.dll --ipcPort 60276 --benchmarkName "AcademyScheduleAnalyzer.Benchmarks.StringBenchmark.StringBuilderConcatenation(N: 100)" --job Default --diagnoserRunMode 3 --benchmarkId 1 in E:\ALL.net\Assigments & Solutions\Assignment4Upload\judge22-Assignment-4\assignment1-4\AcademyScheduleAnalyzer\AcademyScheduleAnalyzer\AcademyScheduleAnalyzer\.bdn\1\b
// BeforeAnythingElse

// Benchmark Process Environment Information:
// BenchmarkDotNet v0.16.0-preview.2
// Runtime=.NET 10.0.11 (10.0.11, 10.0.1126.37416), X64 RyuJIT x86-64-v3
// GC=Concurrent Workstation
// HardwareIntrinsics=AVX2+BMI1+BMI2+F16C+FMA+LZCNT+MOVBE,AVX,SSE3+SSSE3+SSE4.1+SSE4.2+POPCNT,X86Base+SSE+SSE2,AES+PCLMUL VectorSize=256
// Job: DefaultJob

WorkloadJitting  1: 1 op, 184500.00 ns, 184.5000 us/op
WorkloadJitting  2: 30 op, 73400.00 ns, 2.4467 us/op
WorkloadJitting  3: 30 op, 115800.00 ns, 3.8600 us/op
WorkloadJitting  4: 1 op, 3900.00 ns, 3.9000 us/op

WorkloadPilot    1: 1 op, 2600.00 ns, 2.6000 us/op

WorkloadPilot    1: 16 op, 20100.00 ns, 1.2563 us/op
WorkloadPilot    2: 32 op, 36100.00 ns, 1.1281 us/op
WorkloadPilot    3: 64 op, 51700.00 ns, 807.8125 ns/op
WorkloadPilot    4: 128 op, 60500.00 ns, 472.6563 ns/op
WorkloadPilot    5: 256 op, 215500.00 ns, 841.7969 ns/op
WorkloadPilot    6: 512 op, 242900.00 ns, 474.4141 ns/op
WorkloadPilot    7: 1024 op, 687500.00 ns, 671.3867 ns/op
WorkloadPilot    8: 2048 op, 1540400.00 ns, 752.1484 ns/op
WorkloadPilot    9: 4096 op, 4193500.00 ns, 1.0238 us/op
WorkloadPilot   10: 8192 op, 6913500.00 ns, 843.9331 ns/op
WorkloadPilot   11: 16384 op, 10821100.00 ns, 660.4675 ns/op
WorkloadPilot   12: 32768 op, 18726100.00 ns, 571.4752 ns/op
WorkloadPilot   13: 65536 op, 35497200.00 ns, 541.6443 ns/op
WorkloadPilot   14: 131072 op, 83808000.00 ns, 639.4043 ns/op
WorkloadPilot   15: 262144 op, 143962400.00 ns, 549.1730 ns/op
WorkloadPilot   16: 524288 op, 288800900.00 ns, 550.8440 ns/op
WorkloadPilot   17: 1048576 op, 615518400.00 ns, 587.0041 ns/op

WorkloadWarmup   1: 1048576 op, 552667300.00 ns, 527.0646 ns/op
WorkloadWarmup   2: 1048576 op, 513174000.00 ns, 489.4009 ns/op
WorkloadWarmup   3: 1048576 op, 514782200.00 ns, 490.9346 ns/op
WorkloadWarmup   4: 1048576 op, 521882700.00 ns, 497.7061 ns/op
WorkloadWarmup   5: 1048576 op, 529915700.00 ns, 505.3670 ns/op
WorkloadWarmup   6: 1048576 op, 509122400.00 ns, 485.5370 ns/op
WorkloadWarmup   7: 1048576 op, 509392100.00 ns, 485.7942 ns/op
WorkloadWarmup   8: 1048576 op, 550451000.00 ns, 524.9510 ns/op
WorkloadWarmup   9: 1048576 op, 539065300.00 ns, 514.0927 ns/op

// BeforeActualRun
WorkloadActual   1: 1048576 op, 514718200.00 ns, 490.8735 ns/op
WorkloadActual   2: 1048576 op, 528532500.00 ns, 504.0479 ns/op
WorkloadActual   3: 1048576 op, 517244600.00 ns, 493.2829 ns/op
WorkloadActual   4: 1048576 op, 538111500.00 ns, 513.1831 ns/op
WorkloadActual   5: 1048576 op, 499917400.00 ns, 476.7584 ns/op
WorkloadActual   6: 1048576 op, 524976100.00 ns, 500.6562 ns/op
WorkloadActual   7: 1048576 op, 536168500.00 ns, 511.3301 ns/op
WorkloadActual   8: 1048576 op, 568989100.00 ns, 542.6303 ns/op
WorkloadActual   9: 1048576 op, 528652300.00 ns, 504.1621 ns/op
WorkloadActual  10: 1048576 op, 500591300.00 ns, 477.4011 ns/op
WorkloadActual  11: 1048576 op, 506340700.00 ns, 482.8841 ns/op
WorkloadActual  12: 1048576 op, 515654200.00 ns, 491.7662 ns/op
WorkloadActual  13: 1048576 op, 513974800.00 ns, 490.1646 ns/op
WorkloadActual  14: 1048576 op, 529702300.00 ns, 505.1635 ns/op
WorkloadActual  15: 1048576 op, 525352200.00 ns, 501.0149 ns/op
WorkloadActual  16: 1048576 op, 630025600.00 ns, 600.8392 ns/op
WorkloadActual  17: 1048576 op, 681556200.00 ns, 649.9826 ns/op
WorkloadActual  18: 1048576 op, 589508800.00 ns, 562.1994 ns/op
WorkloadActual  19: 1048576 op, 640718800.00 ns, 611.0371 ns/op
WorkloadActual  20: 1048576 op, 635740200.00 ns, 606.2891 ns/op
WorkloadActual  21: 1048576 op, 566255600.00 ns, 540.0234 ns/op
WorkloadActual  22: 1048576 op, 583833500.00 ns, 556.7870 ns/op
WorkloadActual  23: 1048576 op, 597040200.00 ns, 569.3819 ns/op
WorkloadActual  24: 1048576 op, 454491800.00 ns, 433.4372 ns/op
WorkloadActual  25: 1048576 op, 562029400.00 ns, 535.9930 ns/op
WorkloadActual  26: 1048576 op, 468093200.00 ns, 446.4085 ns/op
WorkloadActual  27: 1048576 op, 449610200.00 ns, 428.7817 ns/op
WorkloadActual  28: 1048576 op, 433457500.00 ns, 413.3773 ns/op
WorkloadActual  29: 1048576 op, 551281800.00 ns, 525.7433 ns/op
WorkloadActual  30: 1048576 op, 514199900.00 ns, 490.3792 ns/op
WorkloadActual  31: 1048576 op, 562727500.00 ns, 536.6588 ns/op
WorkloadActual  32: 1048576 op, 554143000.00 ns, 528.4719 ns/op
WorkloadActual  33: 1048576 op, 446451400.00 ns, 425.7692 ns/op
WorkloadActual  34: 1048576 op, 576123500.00 ns, 549.4342 ns/op
WorkloadActual  35: 1048576 op, 499670800.00 ns, 476.5232 ns/op
WorkloadActual  36: 1048576 op, 564881900.00 ns, 538.7134 ns/op
WorkloadActual  37: 1048576 op, 520349900.00 ns, 496.2443 ns/op
WorkloadActual  38: 1048576 op, 539106600.00 ns, 514.1321 ns/op
WorkloadActual  39: 1048576 op, 533965200.00 ns, 509.2289 ns/op
WorkloadActual  40: 1048576 op, 521297000.00 ns, 497.1476 ns/op
WorkloadActual  41: 1048576 op, 583710700.00 ns, 556.6699 ns/op
WorkloadActual  42: 1048576 op, 551061900.00 ns, 525.5336 ns/op
WorkloadActual  43: 1048576 op, 524149600.00 ns, 499.8680 ns/op
WorkloadActual  44: 1048576 op, 525917000.00 ns, 501.5535 ns/op
WorkloadActual  45: 1048576 op, 512116400.00 ns, 488.3923 ns/op
WorkloadActual  46: 1048576 op, 551508900.00 ns, 525.9599 ns/op
WorkloadActual  47: 1048576 op, 498748200.00 ns, 475.6433 ns/op
WorkloadActual  48: 1048576 op, 552181700.00 ns, 526.6015 ns/op
WorkloadActual  49: 1048576 op, 594484000.00 ns, 566.9441 ns/op
WorkloadActual  50: 1048576 op, 524713900.00 ns, 500.4062 ns/op
WorkloadActual  51: 1048576 op, 461914500.00 ns, 440.5160 ns/op
WorkloadActual  52: 1048576 op, 447527000.00 ns, 426.7950 ns/op
WorkloadActual  53: 1048576 op, 428012300.00 ns, 408.1843 ns/op
WorkloadActual  54: 1048576 op, 490095600.00 ns, 467.3916 ns/op
WorkloadActual  55: 1048576 op, 483321800.00 ns, 460.9316 ns/op
WorkloadActual  56: 1048576 op, 547846200.00 ns, 522.4669 ns/op
WorkloadActual  57: 1048576 op, 500898400.00 ns, 477.6939 ns/op
WorkloadActual  58: 1048576 op, 520285600.00 ns, 496.1830 ns/op
WorkloadActual  59: 1048576 op, 510995700.00 ns, 487.3235 ns/op
WorkloadActual  60: 1048576 op, 537288200.00 ns, 512.3980 ns/op
WorkloadActual  61: 1048576 op, 440900000.00 ns, 420.4750 ns/op
WorkloadActual  62: 1048576 op, 527956600.00 ns, 503.4986 ns/op
WorkloadActual  63: 1048576 op, 466228300.00 ns, 444.6300 ns/op
WorkloadActual  64: 1048576 op, 519757500.00 ns, 495.6794 ns/op
WorkloadActual  65: 1048576 op, 547814000.00 ns, 522.4361 ns/op
WorkloadActual  66: 1048576 op, 551991100.00 ns, 526.4197 ns/op
WorkloadActual  67: 1048576 op, 515182800.00 ns, 491.3166 ns/op
WorkloadActual  68: 1048576 op, 545406200.00 ns, 520.1399 ns/op
WorkloadActual  69: 1048576 op, 555786200.00 ns, 530.0390 ns/op
WorkloadActual  70: 1048576 op, 607896800.00 ns, 579.7356 ns/op
WorkloadActual  71: 1048576 op, 518834500.00 ns, 494.7991 ns/op
WorkloadActual  72: 1048576 op, 563591100.00 ns, 537.4824 ns/op
WorkloadActual  73: 1048576 op, 544049600.00 ns, 518.8461 ns/op
WorkloadActual  74: 1048576 op, 523304200.00 ns, 499.0618 ns/op
WorkloadActual  75: 1048576 op, 497720600.00 ns, 474.6634 ns/op
WorkloadActual  76: 1048576 op, 441908600.00 ns, 421.4369 ns/op
WorkloadActual  77: 1048576 op, 547748700.00 ns, 522.3739 ns/op
WorkloadActual  78: 1048576 op, 578415400.00 ns, 551.6199 ns/op
WorkloadActual  79: 1048576 op, 480677900.00 ns, 458.4102 ns/op
WorkloadActual  80: 1048576 op, 487275500.00 ns, 464.7021 ns/op
WorkloadActual  81: 1048576 op, 424154500.00 ns, 404.5053 ns/op
WorkloadActual  82: 1048576 op, 465667100.00 ns, 444.0948 ns/op
WorkloadActual  83: 1048576 op, 526273800.00 ns, 501.8938 ns/op
WorkloadActual  84: 1048576 op, 423888500.00 ns, 404.2516 ns/op
WorkloadActual  85: 1048576 op, 401723400.00 ns, 383.1133 ns/op
WorkloadActual  86: 1048576 op, 487847300.00 ns, 465.2474 ns/op
WorkloadActual  87: 1048576 op, 455089900.00 ns, 434.0075 ns/op
WorkloadActual  88: 1048576 op, 488051700.00 ns, 465.4424 ns/op
WorkloadActual  89: 1048576 op, 573382000.00 ns, 546.8197 ns/op
WorkloadActual  90: 1048576 op, 436109200.00 ns, 415.9061 ns/op
WorkloadActual  91: 1048576 op, 437682600.00 ns, 417.4067 ns/op
WorkloadActual  92: 1048576 op, 458550400.00 ns, 437.3077 ns/op
WorkloadActual  93: 1048576 op, 608176100.00 ns, 580.0019 ns/op
WorkloadActual  94: 1048576 op, 667627600.00 ns, 636.6993 ns/op
WorkloadActual  95: 1048576 op, 504139700.00 ns, 480.7851 ns/op
WorkloadActual  96: 1048576 op, 496268500.00 ns, 473.2785 ns/op
WorkloadActual  97: 1048576 op, 454099200.00 ns, 433.0627 ns/op
WorkloadActual  98: 1048576 op, 531282700.00 ns, 506.6707 ns/op
WorkloadActual  99: 1048576 op, 483901400.00 ns, 461.4843 ns/op
WorkloadActual  100: 1048576 op, 462357000.00 ns, 440.9380 ns/op

// AfterActualRun
// BeforeExtraIteration
// AfterExtraIteration
WorkloadExtra    1: 1048576 op, 606127400.00 ns, 578.0481 ns/op
WorkloadResult   1: 1048576 op, 514718200.00 ns, 490.8735 ns/op
WorkloadResult   2: 1048576 op, 528532500.00 ns, 504.0479 ns/op
WorkloadResult   3: 1048576 op, 517244600.00 ns, 493.2829 ns/op
WorkloadResult   4: 1048576 op, 538111500.00 ns, 513.1831 ns/op
WorkloadResult   5: 1048576 op, 499917400.00 ns, 476.7584 ns/op
WorkloadResult   6: 1048576 op, 524976100.00 ns, 500.6562 ns/op
WorkloadResult   7: 1048576 op, 536168500.00 ns, 511.3301 ns/op
WorkloadResult   8: 1048576 op, 568989100.00 ns, 542.6303 ns/op
WorkloadResult   9: 1048576 op, 528652300.00 ns, 504.1621 ns/op
WorkloadResult  10: 1048576 op, 500591300.00 ns, 477.4011 ns/op
WorkloadResult  11: 1048576 op, 506340700.00 ns, 482.8841 ns/op
WorkloadResult  12: 1048576 op, 515654200.00 ns, 491.7662 ns/op
WorkloadResult  13: 1048576 op, 513974800.00 ns, 490.1646 ns/op
WorkloadResult  14: 1048576 op, 529702300.00 ns, 505.1635 ns/op
WorkloadResult  15: 1048576 op, 525352200.00 ns, 501.0149 ns/op
WorkloadResult  16: 1048576 op, 630025600.00 ns, 600.8392 ns/op
WorkloadResult  17: 1048576 op, 589508800.00 ns, 562.1994 ns/op
WorkloadResult  18: 1048576 op, 640718800.00 ns, 611.0371 ns/op
WorkloadResult  19: 1048576 op, 635740200.00 ns, 606.2891 ns/op
WorkloadResult  20: 1048576 op, 566255600.00 ns, 540.0234 ns/op
WorkloadResult  21: 1048576 op, 583833500.00 ns, 556.7870 ns/op
WorkloadResult  22: 1048576 op, 597040200.00 ns, 569.3819 ns/op
WorkloadResult  23: 1048576 op, 454491800.00 ns, 433.4372 ns/op
WorkloadResult  24: 1048576 op, 562029400.00 ns, 535.9930 ns/op
WorkloadResult  25: 1048576 op, 468093200.00 ns, 446.4085 ns/op
WorkloadResult  26: 1048576 op, 449610200.00 ns, 428.7817 ns/op
WorkloadResult  27: 1048576 op, 433457500.00 ns, 413.3773 ns/op
WorkloadResult  28: 1048576 op, 551281800.00 ns, 525.7433 ns/op
WorkloadResult  29: 1048576 op, 514199900.00 ns, 490.3792 ns/op
WorkloadResult  30: 1048576 op, 562727500.00 ns, 536.6588 ns/op
WorkloadResult  31: 1048576 op, 554143000.00 ns, 528.4719 ns/op
WorkloadResult  32: 1048576 op, 446451400.00 ns, 425.7692 ns/op
WorkloadResult  33: 1048576 op, 576123500.00 ns, 549.4342 ns/op
WorkloadResult  34: 1048576 op, 499670800.00 ns, 476.5232 ns/op
WorkloadResult  35: 1048576 op, 564881900.00 ns, 538.7134 ns/op
WorkloadResult  36: 1048576 op, 520349900.00 ns, 496.2443 ns/op
WorkloadResult  37: 1048576 op, 539106600.00 ns, 514.1321 ns/op
WorkloadResult  38: 1048576 op, 533965200.00 ns, 509.2289 ns/op
WorkloadResult  39: 1048576 op, 521297000.00 ns, 497.1476 ns/op
WorkloadResult  40: 1048576 op, 583710700.00 ns, 556.6699 ns/op
WorkloadResult  41: 1048576 op, 551061900.00 ns, 525.5336 ns/op
WorkloadResult  42: 1048576 op, 524149600.00 ns, 499.8680 ns/op
WorkloadResult  43: 1048576 op, 525917000.00 ns, 501.5535 ns/op
WorkloadResult  44: 1048576 op, 512116400.00 ns, 488.3923 ns/op
WorkloadResult  45: 1048576 op, 551508900.00 ns, 525.9599 ns/op
WorkloadResult  46: 1048576 op, 498748200.00 ns, 475.6433 ns/op
WorkloadResult  47: 1048576 op, 552181700.00 ns, 526.6015 ns/op
WorkloadResult  48: 1048576 op, 594484000.00 ns, 566.9441 ns/op
WorkloadResult  49: 1048576 op, 524713900.00 ns, 500.4062 ns/op
WorkloadResult  50: 1048576 op, 461914500.00 ns, 440.5160 ns/op
WorkloadResult  51: 1048576 op, 447527000.00 ns, 426.7950 ns/op
WorkloadResult  52: 1048576 op, 428012300.00 ns, 408.1843 ns/op
WorkloadResult  53: 1048576 op, 490095600.00 ns, 467.3916 ns/op
WorkloadResult  54: 1048576 op, 483321800.00 ns, 460.9316 ns/op
WorkloadResult  55: 1048576 op, 547846200.00 ns, 522.4669 ns/op
WorkloadResult  56: 1048576 op, 500898400.00 ns, 477.6939 ns/op
WorkloadResult  57: 1048576 op, 520285600.00 ns, 496.1830 ns/op
WorkloadResult  58: 1048576 op, 510995700.00 ns, 487.3235 ns/op
WorkloadResult  59: 1048576 op, 537288200.00 ns, 512.3980 ns/op
WorkloadResult  60: 1048576 op, 440900000.00 ns, 420.4750 ns/op
WorkloadResult  61: 1048576 op, 527956600.00 ns, 503.4986 ns/op
WorkloadResult  62: 1048576 op, 466228300.00 ns, 444.6300 ns/op
WorkloadResult  63: 1048576 op, 519757500.00 ns, 495.6794 ns/op
WorkloadResult  64: 1048576 op, 547814000.00 ns, 522.4361 ns/op
WorkloadResult  65: 1048576 op, 551991100.00 ns, 526.4197 ns/op
WorkloadResult  66: 1048576 op, 515182800.00 ns, 491.3166 ns/op
WorkloadResult  67: 1048576 op, 545406200.00 ns, 520.1399 ns/op
WorkloadResult  68: 1048576 op, 555786200.00 ns, 530.0390 ns/op
WorkloadResult  69: 1048576 op, 607896800.00 ns, 579.7356 ns/op
WorkloadResult  70: 1048576 op, 518834500.00 ns, 494.7991 ns/op
WorkloadResult  71: 1048576 op, 563591100.00 ns, 537.4824 ns/op
WorkloadResult  72: 1048576 op, 544049600.00 ns, 518.8461 ns/op
WorkloadResult  73: 1048576 op, 523304200.00 ns, 499.0618 ns/op
WorkloadResult  74: 1048576 op, 497720600.00 ns, 474.6634 ns/op
WorkloadResult  75: 1048576 op, 441908600.00 ns, 421.4369 ns/op
WorkloadResult  76: 1048576 op, 547748700.00 ns, 522.3739 ns/op
WorkloadResult  77: 1048576 op, 578415400.00 ns, 551.6199 ns/op
WorkloadResult  78: 1048576 op, 480677900.00 ns, 458.4102 ns/op
WorkloadResult  79: 1048576 op, 487275500.00 ns, 464.7021 ns/op
WorkloadResult  80: 1048576 op, 424154500.00 ns, 404.5053 ns/op
WorkloadResult  81: 1048576 op, 465667100.00 ns, 444.0948 ns/op
WorkloadResult  82: 1048576 op, 526273800.00 ns, 501.8938 ns/op
WorkloadResult  83: 1048576 op, 423888500.00 ns, 404.2516 ns/op
WorkloadResult  84: 1048576 op, 401723400.00 ns, 383.1133 ns/op
WorkloadResult  85: 1048576 op, 487847300.00 ns, 465.2474 ns/op
WorkloadResult  86: 1048576 op, 455089900.00 ns, 434.0075 ns/op
WorkloadResult  87: 1048576 op, 488051700.00 ns, 465.4424 ns/op
WorkloadResult  88: 1048576 op, 573382000.00 ns, 546.8197 ns/op
WorkloadResult  89: 1048576 op, 436109200.00 ns, 415.9061 ns/op
WorkloadResult  90: 1048576 op, 437682600.00 ns, 417.4067 ns/op
WorkloadResult  91: 1048576 op, 458550400.00 ns, 437.3077 ns/op
WorkloadResult  92: 1048576 op, 608176100.00 ns, 580.0019 ns/op
WorkloadResult  93: 1048576 op, 504139700.00 ns, 480.7851 ns/op
WorkloadResult  94: 1048576 op, 496268500.00 ns, 473.2785 ns/op
WorkloadResult  95: 1048576 op, 454099200.00 ns, 433.0627 ns/op
WorkloadResult  96: 1048576 op, 531282700.00 ns, 506.6707 ns/op
WorkloadResult  97: 1048576 op, 483901400.00 ns, 461.4843 ns/op
WorkloadResult  98: 1048576 op, 462357000.00 ns, 440.9380 ns/op
// GC:  213 0 0 1342177280 1048576

// AfterAll
// Benchmark Process 12056 has exited with code 0.

Mean = 494.079 ns, StdErr = 4.873 ns (0.99%), N = 98, StdDev = 48.240 ns
Min = 383.113 ns, Q1 = 464.838 ns, Median = 496.696 ns, Q3 = 525.691 ns, Max = 611.037 ns
IQR = 60.852 ns, LowerFence = 373.560 ns, UpperFence = 616.969 ns
ConfidenceInterval = [477.542 ns; 510.616 ns] (CI 99.9%), Margin = 16.537 ns (3.35% of Mean)
Skewness = 0.02, Kurtosis = 2.67, MValue = 2.93

// ** Remained 6 (75.0%) benchmark(s) to run. Estimated finish 2026-09-26 16:22 (0h 5m from now) **
Setup power plan (GUID: 8c5e7fda-e8bf-4a96-9a85-a6e23a8c635c FriendlyName: High performance)
// **************************
// Benchmark: StringBenchmark.StringConcatenation: DefaultJob [N=1000]
// *** Execute ***
// Launch: 1 / 1
// Execute: dotnet AcademyScheduleAnalyzer-gen.dll --ipcPort 60297 --benchmarkName "AcademyScheduleAnalyzer.Benchmarks.StringBenchmark.StringConcatenation(N: 1000)" --job Default --diagnoserRunMode 3 --benchmarkId 2 in E:\ALL.net\Assigments & Solutions\Assignment4Upload\judge22-Assignment-4\assignment1-4\AcademyScheduleAnalyzer\AcademyScheduleAnalyzer\AcademyScheduleAnalyzer\.bdn\1\b
// BeforeAnythingElse

// Benchmark Process Environment Information:
// BenchmarkDotNet v0.16.0-preview.2
// Runtime=.NET 10.0.11 (10.0.11, 10.0.1126.37416), X64 RyuJIT x86-64-v3
// GC=Concurrent Workstation
// HardwareIntrinsics=AVX2+BMI1+BMI2+F16C+FMA+LZCNT+MOVBE,AVX,SSE3+SSSE3+SSE4.1+SSE4.2+POPCNT,X86Base+SSE+SSE2,AES+PCLMUL VectorSize=256
// Job: DefaultJob

WorkloadJitting  1: 1 op, 1652300.00 ns, 1.6523 ms/op
WorkloadJitting  2: 30 op, 16844300.00 ns, 561.4767 us/op
WorkloadJitting  3: 30 op, 13555000.00 ns, 451.8333 us/op
WorkloadJitting  4: 1 op, 741300.00 ns, 741.3000 us/op

WorkloadPilot    1: 1 op, 902700.00 ns, 902.7000 us/op

WorkloadPilot    1: 16 op, 11705900.00 ns, 731.6188 us/op
WorkloadPilot    2: 32 op, 16217600.00 ns, 506.8000 us/op
WorkloadPilot    3: 64 op, 23508700.00 ns, 367.3234 us/op
WorkloadPilot    4: 128 op, 37203300.00 ns, 290.6508 us/op
WorkloadPilot    5: 256 op, 84792900.00 ns, 331.2223 us/op
WorkloadPilot    6: 512 op, 157551400.00 ns, 307.7176 us/op
WorkloadPilot    7: 1024 op, 293855500.00 ns, 286.9683 us/op
WorkloadPilot    8: 2048 op, 679251800.00 ns, 331.6659 us/op

WorkloadWarmup   1: 2048 op, 588210400.00 ns, 287.2121 us/op
WorkloadWarmup   2: 2048 op, 577228800.00 ns, 281.8500 us/op
WorkloadWarmup   3: 2048 op, 549906900.00 ns, 268.5092 us/op
WorkloadWarmup   4: 2048 op, 651531500.00 ns, 318.1306 us/op
WorkloadWarmup   5: 2048 op, 562901800.00 ns, 274.8544 us/op
WorkloadWarmup   6: 2048 op, 629120600.00 ns, 307.1878 us/op
WorkloadWarmup   7: 2048 op, 548840400.00 ns, 267.9885 us/op

// BeforeActualRun
WorkloadActual   1: 2048 op, 603795700.00 ns, 294.8221 us/op
WorkloadActual   2: 2048 op, 608756800.00 ns, 297.2445 us/op
WorkloadActual   3: 2048 op, 616038200.00 ns, 300.7999 us/op
WorkloadActual   4: 2048 op, 681158000.00 ns, 332.5967 us/op
WorkloadActual   5: 2048 op, 633144300.00 ns, 309.1525 us/op
WorkloadActual   6: 2048 op, 621585100.00 ns, 303.5083 us/op
WorkloadActual   7: 2048 op, 593562300.00 ns, 289.8253 us/op
WorkloadActual   8: 2048 op, 611183000.00 ns, 298.4292 us/op
WorkloadActual   9: 2048 op, 753742000.00 ns, 368.0381 us/op
WorkloadActual  10: 2048 op, 681562800.00 ns, 332.7943 us/op
WorkloadActual  11: 2048 op, 577959500.00 ns, 282.2068 us/op
WorkloadActual  12: 2048 op, 646417800.00 ns, 315.6337 us/op
WorkloadActual  13: 2048 op, 630230400.00 ns, 307.7297 us/op
WorkloadActual  14: 2048 op, 618834400.00 ns, 302.1652 us/op
WorkloadActual  15: 2048 op, 584109100.00 ns, 285.2095 us/op
WorkloadActual  16: 2048 op, 820785300.00 ns, 400.7741 us/op
WorkloadActual  17: 2048 op, 918148200.00 ns, 448.3146 us/op
WorkloadActual  18: 2048 op, 775834900.00 ns, 378.8256 us/op
WorkloadActual  19: 2048 op, 758383000.00 ns, 370.3042 us/op
WorkloadActual  20: 2048 op, 904285600.00 ns, 441.5457 us/op
WorkloadActual  21: 2048 op, 798097900.00 ns, 389.6962 us/op
WorkloadActual  22: 2048 op, 1096222900.00 ns, 535.2651 us/op
WorkloadActual  23: 2048 op, 643277700.00 ns, 314.1004 us/op
WorkloadActual  24: 2048 op, 754719600.00 ns, 368.5154 us/op
WorkloadActual  25: 2048 op, 679977700.00 ns, 332.0204 us/op
WorkloadActual  26: 2048 op, 816293300.00 ns, 398.5807 us/op
WorkloadActual  27: 2048 op, 802895400.00 ns, 392.0388 us/op
WorkloadActual  28: 2048 op, 844617200.00 ns, 412.4107 us/op
WorkloadActual  29: 2048 op, 898961000.00 ns, 438.9458 us/op
WorkloadActual  30: 2048 op, 820034200.00 ns, 400.4073 us/op
WorkloadActual  31: 2048 op, 652123100.00 ns, 318.4195 us/op
WorkloadActual  32: 2048 op, 728103000.00 ns, 355.5190 us/op
WorkloadActual  33: 2048 op, 683518200.00 ns, 333.7491 us/op
WorkloadActual  34: 2048 op, 761651200.00 ns, 371.9000 us/op
WorkloadActual  35: 2048 op, 977046800.00 ns, 477.0736 us/op
WorkloadActual  36: 2048 op, 1283123600.00 ns, 626.5252 us/op
WorkloadActual  37: 2048 op, 1039047300.00 ns, 507.3473 us/op
WorkloadActual  38: 2048 op, 559128900.00 ns, 273.0122 us/op
WorkloadActual  39: 2048 op, 685064400.00 ns, 334.5041 us/op
WorkloadActual  40: 2048 op, 781669200.00 ns, 381.6744 us/op
WorkloadActual  41: 2048 op, 682044600.00 ns, 333.0296 us/op
WorkloadActual  42: 2048 op, 767127700.00 ns, 374.5741 us/op
WorkloadActual  43: 2048 op, 855210900.00 ns, 417.5834 us/op
WorkloadActual  44: 2048 op, 836873900.00 ns, 408.6298 us/op
WorkloadActual  45: 2048 op, 875970700.00 ns, 427.7201 us/op
WorkloadActual  46: 2048 op, 534195400.00 ns, 260.8376 us/op
WorkloadActual  47: 2048 op, 776881500.00 ns, 379.3367 us/op
WorkloadActual  48: 2048 op, 697763000.00 ns, 340.7046 us/op
WorkloadActual  49: 2048 op, 727510900.00 ns, 355.2299 us/op
WorkloadActual  50: 2048 op, 717669800.00 ns, 350.4247 us/op
WorkloadActual  51: 2048 op, 899337300.00 ns, 439.1295 us/op
WorkloadActual  52: 2048 op, 843726200.00 ns, 411.9757 us/op
WorkloadActual  53: 2048 op, 858082200.00 ns, 418.9854 us/op
WorkloadActual  54: 2048 op, 487658300.00 ns, 238.1144 us/op
WorkloadActual  55: 2048 op, 639157800.00 ns, 312.0888 us/op
WorkloadActual  56: 2048 op, 629415500.00 ns, 307.3318 us/op
WorkloadActual  57: 2048 op, 689266200.00 ns, 336.5558 us/op
WorkloadActual  58: 2048 op, 678591100.00 ns, 331.3433 us/op
WorkloadActual  59: 2048 op, 725020000.00 ns, 354.0137 us/op
WorkloadActual  60: 2048 op, 773127700.00 ns, 377.5038 us/op
WorkloadActual  61: 2048 op, 851062100.00 ns, 415.5577 us/op
WorkloadActual  62: 2048 op, 576762400.00 ns, 281.6223 us/op
WorkloadActual  63: 2048 op, 623782900.00 ns, 304.5815 us/op
WorkloadActual  64: 2048 op, 627301000.00 ns, 306.2993 us/op
WorkloadActual  65: 2048 op, 635611300.00 ns, 310.3571 us/op
WorkloadActual  66: 2048 op, 692707700.00 ns, 338.2362 us/op
WorkloadActual  67: 2048 op, 820661000.00 ns, 400.7134 us/op
WorkloadActual  68: 2048 op, 805843900.00 ns, 393.4785 us/op
WorkloadActual  69: 2048 op, 810394100.00 ns, 395.7002 us/op
WorkloadActual  70: 2048 op, 689117800.00 ns, 336.4833 us/op
WorkloadActual  71: 2048 op, 578636500.00 ns, 282.5374 us/op
WorkloadActual  72: 2048 op, 657304900.00 ns, 320.9497 us/op
WorkloadActual  73: 2048 op, 658348300.00 ns, 321.4591 us/op
WorkloadActual  74: 2048 op, 677466700.00 ns, 330.7943 us/op
WorkloadActual  75: 2048 op, 651259000.00 ns, 317.9976 us/op
WorkloadActual  76: 2048 op, 758517300.00 ns, 370.3698 us/op
WorkloadActual  77: 2048 op, 786733100.00 ns, 384.1470 us/op
WorkloadActual  78: 2048 op, 840010900.00 ns, 410.1616 us/op
WorkloadActual  79: 2048 op, 493733100.00 ns, 241.0806 us/op
WorkloadActual  80: 2048 op, 633080000.00 ns, 309.1211 us/op
WorkloadActual  81: 2048 op, 600860500.00 ns, 293.3889 us/op
WorkloadActual  82: 2048 op, 685400100.00 ns, 334.6680 us/op
WorkloadActual  83: 2048 op, 689363800.00 ns, 336.6034 us/op
WorkloadActual  84: 2048 op, 702229900.00 ns, 342.8857 us/op
WorkloadActual  85: 2048 op, 770872100.00 ns, 376.4024 us/op
WorkloadActual  86: 2048 op, 797037900.00 ns, 389.1787 us/op
WorkloadActual  87: 2048 op, 536613400.00 ns, 262.0183 us/op
WorkloadActual  88: 2048 op, 626995500.00 ns, 306.1501 us/op
WorkloadActual  89: 2048 op, 704698400.00 ns, 344.0910 us/op
WorkloadActual  90: 2048 op, 763135500.00 ns, 372.6248 us/op
WorkloadActual  91: 2048 op, 722718300.00 ns, 352.8898 us/op
WorkloadActual  92: 2048 op, 792760800.00 ns, 387.0902 us/op
WorkloadActual  93: 2048 op, 799570900.00 ns, 390.4155 us/op
WorkloadActual  94: 2048 op, 803561000.00 ns, 392.3638 us/op
WorkloadActual  95: 2048 op, 513790600.00 ns, 250.8743 us/op
WorkloadActual  96: 2048 op, 631476500.00 ns, 308.3381 us/op
WorkloadActual  97: 2048 op, 632088800.00 ns, 308.6371 us/op
WorkloadActual  98: 2048 op, 611206500.00 ns, 298.4407 us/op
WorkloadActual  99: 2048 op, 661962500.00 ns, 323.2239 us/op
WorkloadActual  100: 2048 op, 697661400.00 ns, 340.6550 us/op

// AfterActualRun
// BeforeExtraIteration
// AfterExtraIteration
WorkloadExtra    1: 2048 op, 798996800.00 ns, 390.1352 us/op
WorkloadResult   1: 2048 op, 603795700.00 ns, 294.8221 us/op
WorkloadResult   2: 2048 op, 608756800.00 ns, 297.2445 us/op
WorkloadResult   3: 2048 op, 616038200.00 ns, 300.7999 us/op
WorkloadResult   4: 2048 op, 681158000.00 ns, 332.5967 us/op
WorkloadResult   5: 2048 op, 633144300.00 ns, 309.1525 us/op
WorkloadResult   6: 2048 op, 621585100.00 ns, 303.5083 us/op
WorkloadResult   7: 2048 op, 593562300.00 ns, 289.8253 us/op
WorkloadResult   8: 2048 op, 611183000.00 ns, 298.4292 us/op
WorkloadResult   9: 2048 op, 753742000.00 ns, 368.0381 us/op
WorkloadResult  10: 2048 op, 681562800.00 ns, 332.7943 us/op
WorkloadResult  11: 2048 op, 577959500.00 ns, 282.2068 us/op
WorkloadResult  12: 2048 op, 646417800.00 ns, 315.6337 us/op
WorkloadResult  13: 2048 op, 630230400.00 ns, 307.7297 us/op
WorkloadResult  14: 2048 op, 618834400.00 ns, 302.1652 us/op
WorkloadResult  15: 2048 op, 584109100.00 ns, 285.2095 us/op
WorkloadResult  16: 2048 op, 820785300.00 ns, 400.7741 us/op
WorkloadResult  17: 2048 op, 918148200.00 ns, 448.3146 us/op
WorkloadResult  18: 2048 op, 775834900.00 ns, 378.8256 us/op
WorkloadResult  19: 2048 op, 758383000.00 ns, 370.3042 us/op
WorkloadResult  20: 2048 op, 904285600.00 ns, 441.5457 us/op
WorkloadResult  21: 2048 op, 798097900.00 ns, 389.6962 us/op
WorkloadResult  22: 2048 op, 643277700.00 ns, 314.1004 us/op
WorkloadResult  23: 2048 op, 754719600.00 ns, 368.5154 us/op
WorkloadResult  24: 2048 op, 679977700.00 ns, 332.0204 us/op
WorkloadResult  25: 2048 op, 816293300.00 ns, 398.5807 us/op
WorkloadResult  26: 2048 op, 802895400.00 ns, 392.0388 us/op
WorkloadResult  27: 2048 op, 844617200.00 ns, 412.4107 us/op
WorkloadResult  28: 2048 op, 898961000.00 ns, 438.9458 us/op
WorkloadResult  29: 2048 op, 820034200.00 ns, 400.4073 us/op
WorkloadResult  30: 2048 op, 652123100.00 ns, 318.4195 us/op
WorkloadResult  31: 2048 op, 728103000.00 ns, 355.5190 us/op
WorkloadResult  32: 2048 op, 683518200.00 ns, 333.7491 us/op
WorkloadResult  33: 2048 op, 761651200.00 ns, 371.9000 us/op
WorkloadResult  34: 2048 op, 977046800.00 ns, 477.0736 us/op
WorkloadResult  35: 2048 op, 1039047300.00 ns, 507.3473 us/op
WorkloadResult  36: 2048 op, 559128900.00 ns, 273.0122 us/op
WorkloadResult  37: 2048 op, 685064400.00 ns, 334.5041 us/op
WorkloadResult  38: 2048 op, 781669200.00 ns, 381.6744 us/op
WorkloadResult  39: 2048 op, 682044600.00 ns, 333.0296 us/op
WorkloadResult  40: 2048 op, 767127700.00 ns, 374.5741 us/op
WorkloadResult  41: 2048 op, 855210900.00 ns, 417.5834 us/op
WorkloadResult  42: 2048 op, 836873900.00 ns, 408.6298 us/op
WorkloadResult  43: 2048 op, 875970700.00 ns, 427.7201 us/op
WorkloadResult  44: 2048 op, 534195400.00 ns, 260.8376 us/op
WorkloadResult  45: 2048 op, 776881500.00 ns, 379.3367 us/op
WorkloadResult  46: 2048 op, 697763000.00 ns, 340.7046 us/op
WorkloadResult  47: 2048 op, 727510900.00 ns, 355.2299 us/op
WorkloadResult  48: 2048 op, 717669800.00 ns, 350.4247 us/op
WorkloadResult  49: 2048 op, 899337300.00 ns, 439.1295 us/op
WorkloadResult  50: 2048 op, 843726200.00 ns, 411.9757 us/op
WorkloadResult  51: 2048 op, 858082200.00 ns, 418.9854 us/op
WorkloadResult  52: 2048 op, 487658300.00 ns, 238.1144 us/op
WorkloadResult  53: 2048 op, 639157800.00 ns, 312.0888 us/op
WorkloadResult  54: 2048 op, 629415500.00 ns, 307.3318 us/op
WorkloadResult  55: 2048 op, 689266200.00 ns, 336.5558 us/op
WorkloadResult  56: 2048 op, 678591100.00 ns, 331.3433 us/op
WorkloadResult  57: 2048 op, 725020000.00 ns, 354.0137 us/op
WorkloadResult  58: 2048 op, 773127700.00 ns, 377.5038 us/op
WorkloadResult  59: 2048 op, 851062100.00 ns, 415.5577 us/op
WorkloadResult  60: 2048 op, 576762400.00 ns, 281.6223 us/op
WorkloadResult  61: 2048 op, 623782900.00 ns, 304.5815 us/op
WorkloadResult  62: 2048 op, 627301000.00 ns, 306.2993 us/op
WorkloadResult  63: 2048 op, 635611300.00 ns, 310.3571 us/op
WorkloadResult  64: 2048 op, 692707700.00 ns, 338.2362 us/op
WorkloadResult  65: 2048 op, 820661000.00 ns, 400.7134 us/op
WorkloadResult  66: 2048 op, 805843900.00 ns, 393.4785 us/op
WorkloadResult  67: 2048 op, 810394100.00 ns, 395.7002 us/op
WorkloadResult  68: 2048 op, 689117800.00 ns, 336.4833 us/op
WorkloadResult  69: 2048 op, 578636500.00 ns, 282.5374 us/op
WorkloadResult  70: 2048 op, 657304900.00 ns, 320.9497 us/op
WorkloadResult  71: 2048 op, 658348300.00 ns, 321.4591 us/op
WorkloadResult  72: 2048 op, 677466700.00 ns, 330.7943 us/op
WorkloadResult  73: 2048 op, 651259000.00 ns, 317.9976 us/op
WorkloadResult  74: 2048 op, 758517300.00 ns, 370.3698 us/op
WorkloadResult  75: 2048 op, 786733100.00 ns, 384.1470 us/op
WorkloadResult  76: 2048 op, 840010900.00 ns, 410.1616 us/op
WorkloadResult  77: 2048 op, 493733100.00 ns, 241.0806 us/op
WorkloadResult  78: 2048 op, 633080000.00 ns, 309.1211 us/op
WorkloadResult  79: 2048 op, 600860500.00 ns, 293.3889 us/op
WorkloadResult  80: 2048 op, 685400100.00 ns, 334.6680 us/op
WorkloadResult  81: 2048 op, 689363800.00 ns, 336.6034 us/op
WorkloadResult  82: 2048 op, 702229900.00 ns, 342.8857 us/op
WorkloadResult  83: 2048 op, 770872100.00 ns, 376.4024 us/op
WorkloadResult  84: 2048 op, 797037900.00 ns, 389.1787 us/op
WorkloadResult  85: 2048 op, 536613400.00 ns, 262.0183 us/op
WorkloadResult  86: 2048 op, 626995500.00 ns, 306.1501 us/op
WorkloadResult  87: 2048 op, 704698400.00 ns, 344.0910 us/op
WorkloadResult  88: 2048 op, 763135500.00 ns, 372.6248 us/op
WorkloadResult  89: 2048 op, 722718300.00 ns, 352.8898 us/op
WorkloadResult  90: 2048 op, 792760800.00 ns, 387.0902 us/op
WorkloadResult  91: 2048 op, 799570900.00 ns, 390.4155 us/op
WorkloadResult  92: 2048 op, 803561000.00 ns, 392.3638 us/op
WorkloadResult  93: 2048 op, 513790600.00 ns, 250.8743 us/op
WorkloadResult  94: 2048 op, 631476500.00 ns, 308.3381 us/op
WorkloadResult  95: 2048 op, 632088800.00 ns, 308.6371 us/op
WorkloadResult  96: 2048 op, 611206500.00 ns, 298.4407 us/op
WorkloadResult  97: 2048 op, 661962500.00 ns, 323.2239 us/op
WorkloadResult  98: 2048 op, 697661400.00 ns, 340.6550 us/op
// GC:  927 13 0 5817253888 2048

// AfterAll
// Benchmark Process 17556 has exited with code 0.

Mean = 348.138 μs, StdErr = 5.325 μs (1.53%), N = 98, StdDev = 52.718 μs
Min = 238.114 μs, Q1 = 308.413 μs, Median = 337.420 μs, Q3 = 388.657 μs, Max = 507.347 μs
IQR = 80.244 μs, LowerFence = 188.047 μs, UpperFence = 509.022 μs
ConfidenceInterval = [330.066 μs; 366.211 μs] (CI 99.9%), Margin = 18.072 μs (5.19% of Mean)
Skewness = 0.35, Kurtosis = 2.84, MValue = 3.11

// ** Remained 5 (62.5%) benchmark(s) to run. Estimated finish 2026-09-26 16:23 (0h 5m from now) **
Setup power plan (GUID: 8c5e7fda-e8bf-4a96-9a85-a6e23a8c635c FriendlyName: High performance)
// **************************
// Benchmark: StringBenchmark.StringBuilderConcatenation: DefaultJob [N=1000]
// *** Execute ***
// Launch: 1 / 1
// Execute: dotnet AcademyScheduleAnalyzer-gen.dll --ipcPort 60312 --benchmarkName "AcademyScheduleAnalyzer.Benchmarks.StringBenchmark.StringBuilderConcatenation(N: 1000)" --job Default --diagnoserRunMode 3 --benchmarkId 3 in E:\ALL.net\Assigments & Solutions\Assignment4Upload\judge22-Assignment-4\assignment1-4\AcademyScheduleAnalyzer\AcademyScheduleAnalyzer\AcademyScheduleAnalyzer\.bdn\1\b
// BeforeAnythingElse

// Benchmark Process Environment Information:
// BenchmarkDotNet v0.16.0-preview.2
// Runtime=.NET 10.0.11 (10.0.11, 10.0.1126.37416), X64 RyuJIT x86-64-v3
// GC=Concurrent Workstation
// HardwareIntrinsics=AVX2+BMI1+BMI2+F16C+FMA+LZCNT+MOVBE,AVX,SSE3+SSSE3+SSE4.1+SSE4.2+POPCNT,X86Base+SSE+SSE2,AES+PCLMUL VectorSize=256
// Job: DefaultJob

WorkloadJitting  1: 1 op, 405200.00 ns, 405.2000 us/op
WorkloadJitting  2: 30 op, 733000.00 ns, 24.4333 us/op
WorkloadJitting  3: 30 op, 1608100.00 ns, 53.6033 us/op
WorkloadJitting  4: 1 op, 20300.00 ns, 20.3000 us/op

WorkloadPilot    1: 1 op, 16700.00 ns, 16.7000 us/op

WorkloadPilot    1: 16 op, 409000.00 ns, 25.5625 us/op
WorkloadPilot    2: 32 op, 781300.00 ns, 24.4156 us/op
WorkloadPilot    3: 64 op, 1939600.00 ns, 30.3063 us/op
WorkloadPilot    4: 128 op, 3693200.00 ns, 28.8531 us/op
WorkloadPilot    5: 256 op, 4166300.00 ns, 16.2746 us/op
WorkloadPilot    6: 512 op, 9437800.00 ns, 18.4332 us/op
WorkloadPilot    7: 1024 op, 16030700.00 ns, 15.6550 us/op
WorkloadPilot    8: 2048 op, 28149600.00 ns, 13.7449 us/op
WorkloadPilot    9: 4096 op, 60935900.00 ns, 14.8769 us/op
WorkloadPilot   10: 8192 op, 112490000.00 ns, 13.7317 us/op
WorkloadPilot   11: 16384 op, 212585000.00 ns, 12.9752 us/op
WorkloadPilot   12: 32768 op, 430115600.00 ns, 13.1261 us/op
WorkloadPilot   13: 65536 op, 899174800.00 ns, 13.7203 us/op

WorkloadWarmup   1: 65536 op, 887998600.00 ns, 13.5498 us/op
WorkloadWarmup   2: 65536 op, 967954300.00 ns, 14.7698 us/op
WorkloadWarmup   3: 65536 op, 870462100.00 ns, 13.2822 us/op
WorkloadWarmup   4: 65536 op, 864270700.00 ns, 13.1877 us/op
WorkloadWarmup   5: 65536 op, 891913500.00 ns, 13.6095 us/op
WorkloadWarmup   6: 65536 op, 914816400.00 ns, 13.9590 us/op
WorkloadWarmup   7: 65536 op, 921559000.00 ns, 14.0619 us/op
WorkloadWarmup   8: 65536 op, 888167600.00 ns, 13.5524 us/op

// BeforeActualRun
WorkloadActual   1: 65536 op, 870333400.00 ns, 13.2802 us/op
WorkloadActual   2: 65536 op, 891436200.00 ns, 13.6022 us/op
WorkloadActual   3: 65536 op, 934061600.00 ns, 14.2526 us/op
WorkloadActual   4: 65536 op, 936841500.00 ns, 14.2951 us/op
WorkloadActual   5: 65536 op, 1033950900.00 ns, 15.7768 us/op
WorkloadActual   6: 65536 op, 915354000.00 ns, 13.9672 us/op
WorkloadActual   7: 65536 op, 913701100.00 ns, 13.9420 us/op
WorkloadActual   8: 65536 op, 982290100.00 ns, 14.9886 us/op
WorkloadActual   9: 65536 op, 932366600.00 ns, 14.2268 us/op
WorkloadActual  10: 65536 op, 988185900.00 ns, 15.0785 us/op
WorkloadActual  11: 65536 op, 914688000.00 ns, 13.9570 us/op
WorkloadActual  12: 65536 op, 1059776500.00 ns, 16.1709 us/op
WorkloadActual  13: 65536 op, 1063175800.00 ns, 16.2228 us/op
WorkloadActual  14: 65536 op, 1171914500.00 ns, 17.8820 us/op
WorkloadActual  15: 65536 op, 1116177300.00 ns, 17.0315 us/op
WorkloadActual  16: 65536 op, 1016573900.00 ns, 15.5117 us/op
WorkloadActual  17: 65536 op, 991916200.00 ns, 15.1354 us/op
WorkloadActual  18: 65536 op, 1066199200.00 ns, 16.2689 us/op
WorkloadActual  19: 65536 op, 932807000.00 ns, 14.2335 us/op
WorkloadActual  20: 65536 op, 968452300.00 ns, 14.7774 us/op
WorkloadActual  21: 65536 op, 1190288500.00 ns, 18.1624 us/op
WorkloadActual  22: 65536 op, 1061825600.00 ns, 16.2022 us/op
WorkloadActual  23: 65536 op, 1075727500.00 ns, 16.4143 us/op
WorkloadActual  24: 65536 op, 892592900.00 ns, 13.6199 us/op
WorkloadActual  25: 65536 op, 874806100.00 ns, 13.3485 us/op
WorkloadActual  26: 65536 op, 929449100.00 ns, 14.1823 us/op
WorkloadActual  27: 65536 op, 942050200.00 ns, 14.3745 us/op
WorkloadActual  28: 65536 op, 925552200.00 ns, 14.1228 us/op
WorkloadActual  29: 65536 op, 927142600.00 ns, 14.1471 us/op
WorkloadActual  30: 65536 op, 967564900.00 ns, 14.7639 us/op
WorkloadActual  31: 65536 op, 927897200.00 ns, 14.1586 us/op
WorkloadActual  32: 65536 op, 890711800.00 ns, 13.5912 us/op
WorkloadActual  33: 65536 op, 907691400.00 ns, 13.8503 us/op
WorkloadActual  34: 65536 op, 917426000.00 ns, 13.9988 us/op
WorkloadActual  35: 65536 op, 897047000.00 ns, 13.6879 us/op
WorkloadActual  36: 65536 op, 957738100.00 ns, 14.6139 us/op
WorkloadActual  37: 65536 op, 1066014900.00 ns, 16.2661 us/op
WorkloadActual  38: 65536 op, 1102583800.00 ns, 16.8241 us/op
WorkloadActual  39: 65536 op, 1059568300.00 ns, 16.1677 us/op
WorkloadActual  40: 65536 op, 958372900.00 ns, 14.6236 us/op
WorkloadActual  41: 65536 op, 1164004400.00 ns, 17.7613 us/op
WorkloadActual  42: 65536 op, 986709900.00 ns, 15.0560 us/op
WorkloadActual  43: 65536 op, 992187600.00 ns, 15.1396 us/op
WorkloadActual  44: 65536 op, 1084689100.00 ns, 16.5510 us/op
WorkloadActual  45: 65536 op, 1045083800.00 ns, 15.9467 us/op
WorkloadActual  46: 65536 op, 1071241200.00 ns, 16.3458 us/op
WorkloadActual  47: 65536 op, 1004856500.00 ns, 15.3329 us/op
WorkloadActual  48: 65536 op, 1010963000.00 ns, 15.4261 us/op
WorkloadActual  49: 65536 op, 1171821600.00 ns, 17.8806 us/op
WorkloadActual  50: 65536 op, 929142800.00 ns, 14.1776 us/op
WorkloadActual  51: 65536 op, 1009953000.00 ns, 15.4107 us/op
WorkloadActual  52: 65536 op, 1151274700.00 ns, 17.5671 us/op
WorkloadActual  53: 65536 op, 926931500.00 ns, 14.1439 us/op
WorkloadActual  54: 65536 op, 918399100.00 ns, 14.0137 us/op
WorkloadActual  55: 65536 op, 1166460500.00 ns, 17.7988 us/op
WorkloadActual  56: 65536 op, 1089773100.00 ns, 16.6286 us/op
WorkloadActual  57: 65536 op, 1002253700.00 ns, 15.2932 us/op
WorkloadActual  58: 65536 op, 1041447800.00 ns, 15.8912 us/op
WorkloadActual  59: 65536 op, 1091923000.00 ns, 16.6614 us/op
WorkloadActual  60: 65536 op, 822848400.00 ns, 12.5557 us/op
WorkloadActual  61: 65536 op, 809410800.00 ns, 12.3506 us/op
WorkloadActual  62: 65536 op, 759364200.00 ns, 11.5870 us/op
WorkloadActual  63: 65536 op, 955619300.00 ns, 14.5816 us/op
WorkloadActual  64: 65536 op, 948661000.00 ns, 14.4754 us/op
WorkloadActual  65: 65536 op, 1067562400.00 ns, 16.2897 us/op
WorkloadActual  66: 65536 op, 926285400.00 ns, 14.1340 us/op
WorkloadActual  67: 65536 op, 959401200.00 ns, 14.6393 us/op
WorkloadActual  68: 65536 op, 918871900.00 ns, 14.0209 us/op
WorkloadActual  69: 65536 op, 944227200.00 ns, 14.4078 us/op
WorkloadActual  70: 65536 op, 950379100.00 ns, 14.5016 us/op
WorkloadActual  71: 65536 op, 917643500.00 ns, 14.0021 us/op
WorkloadActual  72: 65536 op, 917827600.00 ns, 14.0049 us/op
WorkloadActual  73: 65536 op, 923322700.00 ns, 14.0888 us/op
WorkloadActual  74: 65536 op, 941833000.00 ns, 14.3712 us/op
WorkloadActual  75: 65536 op, 900329900.00 ns, 13.7379 us/op
WorkloadActual  76: 65536 op, 988731600.00 ns, 15.0868 us/op
WorkloadActual  77: 65536 op, 916440400.00 ns, 13.9838 us/op
WorkloadActual  78: 65536 op, 952065300.00 ns, 14.5274 us/op
WorkloadActual  79: 65536 op, 967585200.00 ns, 14.7642 us/op
WorkloadActual  80: 65536 op, 946901900.00 ns, 14.4486 us/op
WorkloadActual  81: 65536 op, 937403600.00 ns, 14.3036 us/op
WorkloadActual  82: 65536 op, 919492200.00 ns, 14.0303 us/op
WorkloadActual  83: 65536 op, 923856300.00 ns, 14.0969 us/op
WorkloadActual  84: 65536 op, 964257500.00 ns, 14.7134 us/op
WorkloadActual  85: 65536 op, 923734700.00 ns, 14.0951 us/op
WorkloadActual  86: 65536 op, 967280200.00 ns, 14.7595 us/op
WorkloadActual  87: 65536 op, 955282500.00 ns, 14.5765 us/op
WorkloadActual  88: 65536 op, 987809700.00 ns, 15.0728 us/op
WorkloadActual  89: 65536 op, 844500200.00 ns, 12.8861 us/op
WorkloadActual  90: 65536 op, 858289600.00 ns, 13.0965 us/op
WorkloadActual  91: 65536 op, 955251000.00 ns, 14.5760 us/op
WorkloadActual  92: 65536 op, 914273900.00 ns, 13.9507 us/op
WorkloadActual  93: 65536 op, 961298300.00 ns, 14.6682 us/op
WorkloadActual  94: 65536 op, 971963000.00 ns, 14.8310 us/op
WorkloadActual  95: 65536 op, 917822000.00 ns, 14.0049 us/op
WorkloadActual  96: 65536 op, 931145900.00 ns, 14.2082 us/op
WorkloadActual  97: 65536 op, 907917400.00 ns, 13.8537 us/op
WorkloadActual  98: 65536 op, 883247500.00 ns, 13.4773 us/op
WorkloadActual  99: 65536 op, 859609300.00 ns, 13.1166 us/op
WorkloadActual  100: 65536 op, 918908600.00 ns, 14.0214 us/op

// AfterActualRun
// BeforeExtraIteration
// AfterExtraIteration
WorkloadExtra    1: 65536 op, 946089000.00 ns, 14.4362 us/op
WorkloadResult   1: 65536 op, 870333400.00 ns, 13.2802 us/op
WorkloadResult   2: 65536 op, 891436200.00 ns, 13.6022 us/op
WorkloadResult   3: 65536 op, 934061600.00 ns, 14.2526 us/op
WorkloadResult   4: 65536 op, 936841500.00 ns, 14.2951 us/op
WorkloadResult   5: 65536 op, 1033950900.00 ns, 15.7768 us/op
WorkloadResult   6: 65536 op, 915354000.00 ns, 13.9672 us/op
WorkloadResult   7: 65536 op, 913701100.00 ns, 13.9420 us/op
WorkloadResult   8: 65536 op, 982290100.00 ns, 14.9886 us/op
WorkloadResult   9: 65536 op, 932366600.00 ns, 14.2268 us/op
WorkloadResult  10: 65536 op, 988185900.00 ns, 15.0785 us/op
WorkloadResult  11: 65536 op, 914688000.00 ns, 13.9570 us/op
WorkloadResult  12: 65536 op, 1059776500.00 ns, 16.1709 us/op
WorkloadResult  13: 65536 op, 1063175800.00 ns, 16.2228 us/op
WorkloadResult  14: 65536 op, 1116177300.00 ns, 17.0315 us/op
WorkloadResult  15: 65536 op, 1016573900.00 ns, 15.5117 us/op
WorkloadResult  16: 65536 op, 991916200.00 ns, 15.1354 us/op
WorkloadResult  17: 65536 op, 1066199200.00 ns, 16.2689 us/op
WorkloadResult  18: 65536 op, 932807000.00 ns, 14.2335 us/op
WorkloadResult  19: 65536 op, 968452300.00 ns, 14.7774 us/op
WorkloadResult  20: 65536 op, 1061825600.00 ns, 16.2022 us/op
WorkloadResult  21: 65536 op, 1075727500.00 ns, 16.4143 us/op
WorkloadResult  22: 65536 op, 892592900.00 ns, 13.6199 us/op
WorkloadResult  23: 65536 op, 874806100.00 ns, 13.3485 us/op
WorkloadResult  24: 65536 op, 929449100.00 ns, 14.1823 us/op
WorkloadResult  25: 65536 op, 942050200.00 ns, 14.3745 us/op
WorkloadResult  26: 65536 op, 925552200.00 ns, 14.1228 us/op
WorkloadResult  27: 65536 op, 927142600.00 ns, 14.1471 us/op
WorkloadResult  28: 65536 op, 967564900.00 ns, 14.7639 us/op
WorkloadResult  29: 65536 op, 927897200.00 ns, 14.1586 us/op
WorkloadResult  30: 65536 op, 890711800.00 ns, 13.5912 us/op
WorkloadResult  31: 65536 op, 907691400.00 ns, 13.8503 us/op
WorkloadResult  32: 65536 op, 917426000.00 ns, 13.9988 us/op
WorkloadResult  33: 65536 op, 897047000.00 ns, 13.6879 us/op
WorkloadResult  34: 65536 op, 957738100.00 ns, 14.6139 us/op
WorkloadResult  35: 65536 op, 1066014900.00 ns, 16.2661 us/op
WorkloadResult  36: 65536 op, 1102583800.00 ns, 16.8241 us/op
WorkloadResult  37: 65536 op, 1059568300.00 ns, 16.1677 us/op
WorkloadResult  38: 65536 op, 958372900.00 ns, 14.6236 us/op
WorkloadResult  39: 65536 op, 986709900.00 ns, 15.0560 us/op
WorkloadResult  40: 65536 op, 992187600.00 ns, 15.1396 us/op
WorkloadResult  41: 65536 op, 1084689100.00 ns, 16.5510 us/op
WorkloadResult  42: 65536 op, 1045083800.00 ns, 15.9467 us/op
WorkloadResult  43: 65536 op, 1071241200.00 ns, 16.3458 us/op
WorkloadResult  44: 65536 op, 1004856500.00 ns, 15.3329 us/op
WorkloadResult  45: 65536 op, 1010963000.00 ns, 15.4261 us/op
WorkloadResult  46: 65536 op, 929142800.00 ns, 14.1776 us/op
WorkloadResult  47: 65536 op, 1009953000.00 ns, 15.4107 us/op
WorkloadResult  48: 65536 op, 926931500.00 ns, 14.1439 us/op
WorkloadResult  49: 65536 op, 918399100.00 ns, 14.0137 us/op
WorkloadResult  50: 65536 op, 1089773100.00 ns, 16.6286 us/op
WorkloadResult  51: 65536 op, 1002253700.00 ns, 15.2932 us/op
WorkloadResult  52: 65536 op, 1041447800.00 ns, 15.8912 us/op
WorkloadResult  53: 65536 op, 1091923000.00 ns, 16.6614 us/op
WorkloadResult  54: 65536 op, 822848400.00 ns, 12.5557 us/op
WorkloadResult  55: 65536 op, 809410800.00 ns, 12.3506 us/op
WorkloadResult  56: 65536 op, 759364200.00 ns, 11.5870 us/op
WorkloadResult  57: 65536 op, 955619300.00 ns, 14.5816 us/op
WorkloadResult  58: 65536 op, 948661000.00 ns, 14.4754 us/op
WorkloadResult  59: 65536 op, 1067562400.00 ns, 16.2897 us/op
WorkloadResult  60: 65536 op, 926285400.00 ns, 14.1340 us/op
WorkloadResult  61: 65536 op, 959401200.00 ns, 14.6393 us/op
WorkloadResult  62: 65536 op, 918871900.00 ns, 14.0209 us/op
WorkloadResult  63: 65536 op, 944227200.00 ns, 14.4078 us/op
WorkloadResult  64: 65536 op, 950379100.00 ns, 14.5016 us/op
WorkloadResult  65: 65536 op, 917643500.00 ns, 14.0021 us/op
WorkloadResult  66: 65536 op, 917827600.00 ns, 14.0049 us/op
WorkloadResult  67: 65536 op, 923322700.00 ns, 14.0888 us/op
WorkloadResult  68: 65536 op, 941833000.00 ns, 14.3712 us/op
WorkloadResult  69: 65536 op, 900329900.00 ns, 13.7379 us/op
WorkloadResult  70: 65536 op, 988731600.00 ns, 15.0868 us/op
WorkloadResult  71: 65536 op, 916440400.00 ns, 13.9838 us/op
WorkloadResult  72: 65536 op, 952065300.00 ns, 14.5274 us/op
WorkloadResult  73: 65536 op, 967585200.00 ns, 14.7642 us/op
WorkloadResult  74: 65536 op, 946901900.00 ns, 14.4486 us/op
WorkloadResult  75: 65536 op, 937403600.00 ns, 14.3036 us/op
WorkloadResult  76: 65536 op, 919492200.00 ns, 14.0303 us/op
WorkloadResult  77: 65536 op, 923856300.00 ns, 14.0969 us/op
WorkloadResult  78: 65536 op, 964257500.00 ns, 14.7134 us/op
WorkloadResult  79: 65536 op, 923734700.00 ns, 14.0951 us/op
WorkloadResult  80: 65536 op, 967280200.00 ns, 14.7595 us/op
WorkloadResult  81: 65536 op, 955282500.00 ns, 14.5765 us/op
WorkloadResult  82: 65536 op, 987809700.00 ns, 15.0728 us/op
WorkloadResult  83: 65536 op, 844500200.00 ns, 12.8861 us/op
WorkloadResult  84: 65536 op, 858289600.00 ns, 13.0965 us/op
WorkloadResult  85: 65536 op, 955251000.00 ns, 14.5760 us/op
WorkloadResult  86: 65536 op, 914273900.00 ns, 13.9507 us/op
WorkloadResult  87: 65536 op, 961298300.00 ns, 14.6682 us/op
WorkloadResult  88: 65536 op, 971963000.00 ns, 14.8310 us/op
WorkloadResult  89: 65536 op, 917822000.00 ns, 14.0049 us/op
WorkloadResult  90: 65536 op, 931145900.00 ns, 14.2082 us/op
WorkloadResult  91: 65536 op, 907917400.00 ns, 13.8537 us/op
WorkloadResult  92: 65536 op, 883247500.00 ns, 13.4773 us/op
WorkloadResult  93: 65536 op, 859609300.00 ns, 13.1166 us/op
WorkloadResult  94: 65536 op, 918908600.00 ns, 14.0214 us/op
// GC:  387 12 0 2427977728 65536

// AfterAll
// Benchmark Process 25792 has exited with code 0.

Mean = 14.602 μs, StdErr = 0.108 μs (0.74%), N = 94, StdDev = 1.045 μs
Min = 11.587 μs, Q1 = 14.005 μs, Median = 14.391 μs, Q3 = 15.123 μs, Max = 17.032 μs
IQR = 1.118 μs, LowerFence = 12.327 μs, UpperFence = 16.801 μs
ConfidenceInterval = [14.236 μs; 14.968 μs] (CI 99.9%), Margin = 0.366 μs (2.51% of Mean)
Skewness = 0.25, Kurtosis = 3.09, MValue = 2.53

// ** Remained 4 (50.0%) benchmark(s) to run. Estimated finish 2026-09-26 16:25 (0h 5m from now) **
Setup power plan (GUID: 8c5e7fda-e8bf-4a96-9a85-a6e23a8c635c FriendlyName: High performance)
// **************************
// Benchmark: StringBenchmark.StringConcatenation: DefaultJob [N=10000]
// *** Execute ***
// Launch: 1 / 1
// Execute: dotnet AcademyScheduleAnalyzer-gen.dll --ipcPort 60346 --benchmarkName "AcademyScheduleAnalyzer.Benchmarks.StringBenchmark.StringConcatenation(N: 10000)" --job Default --diagnoserRunMode 3 --benchmarkId 4 in E:\ALL.net\Assigments & Solutions\Assignment4Upload\judge22-Assignment-4\assignment1-4\AcademyScheduleAnalyzer\AcademyScheduleAnalyzer\AcademyScheduleAnalyzer\.bdn\1\b
// BeforeAnythingElse

// Benchmark Process Environment Information:
// BenchmarkDotNet v0.16.0-preview.2
// Runtime=.NET 10.0.11 (10.0.11, 10.0.1126.37416), X64 RyuJIT x86-64-v3
// GC=Concurrent Workstation
// HardwareIntrinsics=AVX2+BMI1+BMI2+F16C+FMA+LZCNT+MOVBE,AVX,SSE3+SSSE3+SSE4.1+SSE4.2+POPCNT,X86Base+SSE+SSE2,AES+PCLMUL VectorSize=256
// Job: DefaultJob

WorkloadJitting  1: 1 op, 53295800.00 ns, 53.2958 ms/op
WorkloadJitting  2: 30 op, 1079410200.00 ns, 35.9803 ms/op
WorkloadJitting  3: 30 op, 1015934300.00 ns, 33.8645 ms/op
WorkloadJitting  4: 1 op, 34139500.00 ns, 34.1395 ms/op

WorkloadPilot    1: 1 op, 35432800.00 ns, 35.4328 ms/op

WorkloadPilot    1: 2 op, 70094200.00 ns, 35.0471 ms/op
WorkloadPilot    2: 3 op, 108118700.00 ns, 36.0396 ms/op
WorkloadPilot    3: 4 op, 139062600.00 ns, 34.7657 ms/op
WorkloadPilot    4: 5 op, 182822400.00 ns, 36.5645 ms/op
WorkloadPilot    5: 6 op, 212837800.00 ns, 35.4730 ms/op
WorkloadPilot    6: 7 op, 267797800.00 ns, 38.2568 ms/op
WorkloadPilot    7: 8 op, 295801600.00 ns, 36.9752 ms/op
WorkloadPilot    8: 9 op, 315733600.00 ns, 35.0815 ms/op
WorkloadPilot    9: 10 op, 346545500.00 ns, 34.6546 ms/op
WorkloadPilot   10: 11 op, 364078900.00 ns, 33.0981 ms/op
WorkloadPilot   11: 12 op, 410359900.00 ns, 34.1967 ms/op
WorkloadPilot   12: 13 op, 469850100.00 ns, 36.1423 ms/op
WorkloadPilot   13: 14 op, 513374000.00 ns, 36.6696 ms/op

WorkloadWarmup   1: 14 op, 490289500.00 ns, 35.0207 ms/op
WorkloadWarmup   2: 14 op, 468636900.00 ns, 33.4741 ms/op
WorkloadWarmup   3: 14 op, 436150900.00 ns, 31.1536 ms/op
WorkloadWarmup   4: 14 op, 471012400.00 ns, 33.6437 ms/op
WorkloadWarmup   5: 14 op, 500429900.00 ns, 35.7450 ms/op
WorkloadWarmup   6: 14 op, 507849200.00 ns, 36.2749 ms/op
WorkloadWarmup   7: 14 op, 472583400.00 ns, 33.7560 ms/op
WorkloadWarmup   8: 14 op, 493347600.00 ns, 35.2391 ms/op
WorkloadWarmup   9: 14 op, 460744400.00 ns, 32.9103 ms/op

// BeforeActualRun
WorkloadActual   1: 14 op, 471637400.00 ns, 33.6884 ms/op
WorkloadActual   2: 14 op, 467401900.00 ns, 33.3859 ms/op
WorkloadActual   3: 14 op, 526557800.00 ns, 37.6113 ms/op
WorkloadActual   4: 14 op, 462353200.00 ns, 33.0252 ms/op
WorkloadActual   5: 14 op, 463378300.00 ns, 33.0985 ms/op
WorkloadActual   6: 14 op, 454970100.00 ns, 32.4979 ms/op
WorkloadActual   7: 14 op, 459211000.00 ns, 32.8008 ms/op
WorkloadActual   8: 14 op, 498891500.00 ns, 35.6351 ms/op
WorkloadActual   9: 14 op, 441146700.00 ns, 31.5105 ms/op
WorkloadActual  10: 14 op, 476514800.00 ns, 34.0368 ms/op
WorkloadActual  11: 14 op, 472262500.00 ns, 33.7330 ms/op
WorkloadActual  12: 14 op, 463240600.00 ns, 33.0886 ms/op
WorkloadActual  13: 14 op, 461376800.00 ns, 32.9555 ms/op
WorkloadActual  14: 14 op, 457344000.00 ns, 32.6674 ms/op
WorkloadActual  15: 14 op, 458108800.00 ns, 32.7221 ms/op
WorkloadActual  16: 14 op, 494934400.00 ns, 35.3525 ms/op
WorkloadActual  17: 14 op, 499675000.00 ns, 35.6911 ms/op
WorkloadActual  18: 14 op, 450288800.00 ns, 32.1635 ms/op
WorkloadActual  19: 14 op, 502724800.00 ns, 35.9089 ms/op
WorkloadActual  20: 14 op, 494668800.00 ns, 35.3335 ms/op
WorkloadActual  21: 14 op, 497740700.00 ns, 35.5529 ms/op
WorkloadActual  22: 14 op, 496653300.00 ns, 35.4752 ms/op
WorkloadActual  23: 14 op, 515183500.00 ns, 36.7988 ms/op
WorkloadActual  24: 14 op, 469714100.00 ns, 33.5510 ms/op
WorkloadActual  25: 14 op, 458261300.00 ns, 32.7330 ms/op
WorkloadActual  26: 14 op, 456753100.00 ns, 32.6252 ms/op
WorkloadActual  27: 14 op, 478303900.00 ns, 34.1646 ms/op
WorkloadActual  28: 14 op, 541949300.00 ns, 38.7107 ms/op
WorkloadActual  29: 14 op, 488554900.00 ns, 34.8968 ms/op
WorkloadActual  30: 14 op, 476462000.00 ns, 34.0330 ms/op
WorkloadActual  31: 14 op, 448750700.00 ns, 32.0536 ms/op
WorkloadActual  32: 14 op, 465874000.00 ns, 33.2767 ms/op
WorkloadActual  33: 14 op, 490261200.00 ns, 35.0187 ms/op
WorkloadActual  34: 14 op, 490504300.00 ns, 35.0360 ms/op
WorkloadActual  35: 14 op, 499620800.00 ns, 35.6872 ms/op
WorkloadActual  36: 14 op, 450738400.00 ns, 32.1956 ms/op
WorkloadActual  37: 14 op, 384121800.00 ns, 27.4373 ms/op
WorkloadActual  38: 14 op, 477740200.00 ns, 34.1243 ms/op
WorkloadActual  39: 14 op, 462552000.00 ns, 33.0394 ms/op
WorkloadActual  40: 14 op, 495586700.00 ns, 35.3991 ms/op
WorkloadActual  41: 14 op, 512097300.00 ns, 36.5784 ms/op
WorkloadActual  42: 14 op, 470170400.00 ns, 33.5836 ms/op
WorkloadActual  43: 14 op, 452842300.00 ns, 32.3459 ms/op
WorkloadActual  44: 14 op, 450616400.00 ns, 32.1869 ms/op
WorkloadActual  45: 14 op, 442036700.00 ns, 31.5741 ms/op
WorkloadActual  46: 14 op, 470501200.00 ns, 33.6072 ms/op
WorkloadActual  47: 14 op, 436372500.00 ns, 31.1695 ms/op
WorkloadActual  48: 14 op, 462465300.00 ns, 33.0332 ms/op
WorkloadActual  49: 14 op, 461551300.00 ns, 32.9680 ms/op
WorkloadActual  50: 14 op, 463758100.00 ns, 33.1256 ms/op
WorkloadActual  51: 14 op, 433555900.00 ns, 30.9683 ms/op
WorkloadActual  52: 14 op, 460599800.00 ns, 32.9000 ms/op
WorkloadActual  53: 14 op, 453856300.00 ns, 32.4183 ms/op
WorkloadActual  54: 14 op, 457510700.00 ns, 32.6793 ms/op
WorkloadActual  55: 14 op, 483117700.00 ns, 34.5084 ms/op
WorkloadActual  56: 14 op, 449717000.00 ns, 32.1226 ms/op
WorkloadActual  57: 14 op, 451575100.00 ns, 32.2554 ms/op
WorkloadActual  58: 14 op, 470731700.00 ns, 33.6237 ms/op
WorkloadActual  59: 14 op, 476364400.00 ns, 34.0260 ms/op
WorkloadActual  60: 14 op, 469546000.00 ns, 33.5390 ms/op
WorkloadActual  61: 14 op, 499043400.00 ns, 35.6460 ms/op
WorkloadActual  62: 14 op, 481261800.00 ns, 34.3758 ms/op
WorkloadActual  63: 14 op, 435098200.00 ns, 31.0784 ms/op
WorkloadActual  64: 14 op, 449974000.00 ns, 32.1410 ms/op
WorkloadActual  65: 14 op, 445284000.00 ns, 31.8060 ms/op
WorkloadActual  66: 14 op, 478697300.00 ns, 34.1927 ms/op
WorkloadActual  67: 14 op, 492382100.00 ns, 35.1702 ms/op
WorkloadActual  68: 14 op, 431624300.00 ns, 30.8303 ms/op
WorkloadActual  69: 14 op, 437876900.00 ns, 31.2769 ms/op
WorkloadActual  70: 14 op, 466904900.00 ns, 33.3504 ms/op
WorkloadActual  71: 14 op, 453745500.00 ns, 32.4104 ms/op
WorkloadActual  72: 14 op, 458283800.00 ns, 32.7346 ms/op
WorkloadActual  73: 14 op, 439507400.00 ns, 31.3934 ms/op
WorkloadActual  74: 14 op, 456512200.00 ns, 32.6080 ms/op

// AfterActualRun
// BeforeExtraIteration
// AfterExtraIteration
WorkloadExtra    1: 14 op, 480233300.00 ns, 34.3024 ms/op
WorkloadResult   1: 14 op, 471637400.00 ns, 33.6884 ms/op
WorkloadResult   2: 14 op, 467401900.00 ns, 33.3859 ms/op
WorkloadResult   3: 14 op, 462353200.00 ns, 33.0252 ms/op
WorkloadResult   4: 14 op, 463378300.00 ns, 33.0985 ms/op
WorkloadResult   5: 14 op, 454970100.00 ns, 32.4979 ms/op
WorkloadResult   6: 14 op, 459211000.00 ns, 32.8008 ms/op
WorkloadResult   7: 14 op, 498891500.00 ns, 35.6351 ms/op
WorkloadResult   8: 14 op, 441146700.00 ns, 31.5105 ms/op
WorkloadResult   9: 14 op, 476514800.00 ns, 34.0368 ms/op
WorkloadResult  10: 14 op, 472262500.00 ns, 33.7330 ms/op
WorkloadResult  11: 14 op, 463240600.00 ns, 33.0886 ms/op
WorkloadResult  12: 14 op, 461376800.00 ns, 32.9555 ms/op
WorkloadResult  13: 14 op, 457344000.00 ns, 32.6674 ms/op
WorkloadResult  14: 14 op, 458108800.00 ns, 32.7221 ms/op
WorkloadResult  15: 14 op, 494934400.00 ns, 35.3525 ms/op
WorkloadResult  16: 14 op, 499675000.00 ns, 35.6911 ms/op
WorkloadResult  17: 14 op, 450288800.00 ns, 32.1635 ms/op
WorkloadResult  18: 14 op, 502724800.00 ns, 35.9089 ms/op
WorkloadResult  19: 14 op, 494668800.00 ns, 35.3335 ms/op
WorkloadResult  20: 14 op, 497740700.00 ns, 35.5529 ms/op
WorkloadResult  21: 14 op, 496653300.00 ns, 35.4752 ms/op
WorkloadResult  22: 14 op, 515183500.00 ns, 36.7988 ms/op
WorkloadResult  23: 14 op, 469714100.00 ns, 33.5510 ms/op
WorkloadResult  24: 14 op, 458261300.00 ns, 32.7330 ms/op
WorkloadResult  25: 14 op, 456753100.00 ns, 32.6252 ms/op
WorkloadResult  26: 14 op, 478303900.00 ns, 34.1646 ms/op
WorkloadResult  27: 14 op, 488554900.00 ns, 34.8968 ms/op
WorkloadResult  28: 14 op, 476462000.00 ns, 34.0330 ms/op
WorkloadResult  29: 14 op, 448750700.00 ns, 32.0536 ms/op
WorkloadResult  30: 14 op, 465874000.00 ns, 33.2767 ms/op
WorkloadResult  31: 14 op, 490261200.00 ns, 35.0187 ms/op
WorkloadResult  32: 14 op, 490504300.00 ns, 35.0360 ms/op
WorkloadResult  33: 14 op, 499620800.00 ns, 35.6872 ms/op
WorkloadResult  34: 14 op, 450738400.00 ns, 32.1956 ms/op
WorkloadResult  35: 14 op, 384121800.00 ns, 27.4373 ms/op
WorkloadResult  36: 14 op, 477740200.00 ns, 34.1243 ms/op
WorkloadResult  37: 14 op, 462552000.00 ns, 33.0394 ms/op
WorkloadResult  38: 14 op, 495586700.00 ns, 35.3991 ms/op
WorkloadResult  39: 14 op, 512097300.00 ns, 36.5784 ms/op
WorkloadResult  40: 14 op, 470170400.00 ns, 33.5836 ms/op
WorkloadResult  41: 14 op, 452842300.00 ns, 32.3459 ms/op
WorkloadResult  42: 14 op, 450616400.00 ns, 32.1869 ms/op
WorkloadResult  43: 14 op, 442036700.00 ns, 31.5741 ms/op
WorkloadResult  44: 14 op, 470501200.00 ns, 33.6072 ms/op
WorkloadResult  45: 14 op, 436372500.00 ns, 31.1695 ms/op
WorkloadResult  46: 14 op, 462465300.00 ns, 33.0332 ms/op
WorkloadResult  47: 14 op, 461551300.00 ns, 32.9680 ms/op
WorkloadResult  48: 14 op, 463758100.00 ns, 33.1256 ms/op
WorkloadResult  49: 14 op, 433555900.00 ns, 30.9683 ms/op
WorkloadResult  50: 14 op, 460599800.00 ns, 32.9000 ms/op
WorkloadResult  51: 14 op, 453856300.00 ns, 32.4183 ms/op
WorkloadResult  52: 14 op, 457510700.00 ns, 32.6793 ms/op
WorkloadResult  53: 14 op, 483117700.00 ns, 34.5084 ms/op
WorkloadResult  54: 14 op, 449717000.00 ns, 32.1226 ms/op
WorkloadResult  55: 14 op, 451575100.00 ns, 32.2554 ms/op
WorkloadResult  56: 14 op, 470731700.00 ns, 33.6237 ms/op
WorkloadResult  57: 14 op, 476364400.00 ns, 34.0260 ms/op
WorkloadResult  58: 14 op, 469546000.00 ns, 33.5390 ms/op
WorkloadResult  59: 14 op, 499043400.00 ns, 35.6460 ms/op
WorkloadResult  60: 14 op, 481261800.00 ns, 34.3758 ms/op
WorkloadResult  61: 14 op, 435098200.00 ns, 31.0784 ms/op
WorkloadResult  62: 14 op, 449974000.00 ns, 32.1410 ms/op
WorkloadResult  63: 14 op, 445284000.00 ns, 31.8060 ms/op
WorkloadResult  64: 14 op, 478697300.00 ns, 34.1927 ms/op
WorkloadResult  65: 14 op, 492382100.00 ns, 35.1702 ms/op
WorkloadResult  66: 14 op, 431624300.00 ns, 30.8303 ms/op
WorkloadResult  67: 14 op, 437876900.00 ns, 31.2769 ms/op
WorkloadResult  68: 14 op, 466904900.00 ns, 33.3504 ms/op
WorkloadResult  69: 14 op, 453745500.00 ns, 32.4104 ms/op
WorkloadResult  70: 14 op, 458283800.00 ns, 32.7346 ms/op
WorkloadResult  71: 14 op, 439507400.00 ns, 31.3934 ms/op
WorkloadResult  72: 14 op, 456512200.00 ns, 32.6080 ms/op
// GC:  842 151 0 5312110384 14

// AfterAll
// Benchmark Process 32404 has exited with code 0.

Mean = 33.342 ms, StdErr = 0.188 ms (0.56%), N = 72, StdDev = 1.598 ms
Min = 27.437 ms, Q1 = 32.394 ms, Median = 33.094 ms, Q3 = 34.238 ms, Max = 36.799 ms
IQR = 1.844 ms, LowerFence = 29.628 ms, UpperFence = 37.005 ms
ConfidenceInterval = [32.696 ms; 33.988 ms] (CI 99.9%), Margin = 0.646 ms (1.94% of Mean)
Skewness = -0.32, Kurtosis = 4.17, MValue = 2

// ** Remained 3 (37.5%) benchmark(s) to run. Estimated finish 2026-09-26 16:24 (0h 3m from now) **
Setup power plan (GUID: 8c5e7fda-e8bf-4a96-9a85-a6e23a8c635c FriendlyName: High performance)
// **************************
// Benchmark: StringBenchmark.StringBuilderConcatenation: DefaultJob [N=10000]
// *** Execute ***
// Launch: 1 / 1
// Execute: dotnet AcademyScheduleAnalyzer-gen.dll --ipcPort 60355 --benchmarkName "AcademyScheduleAnalyzer.Benchmarks.StringBenchmark.StringBuilderConcatenation(N: 10000)" --job Default --diagnoserRunMode 3 --benchmarkId 5 in E:\ALL.net\Assigments & Solutions\Assignment4Upload\judge22-Assignment-4\assignment1-4\AcademyScheduleAnalyzer\AcademyScheduleAnalyzer\AcademyScheduleAnalyzer\.bdn\1\b
// BeforeAnythingElse

// Benchmark Process Environment Information:
// BenchmarkDotNet v0.16.0-preview.2
// Runtime=.NET 10.0.11 (10.0.11, 10.0.1126.37416), X64 RyuJIT x86-64-v3
// GC=Concurrent Workstation
// HardwareIntrinsics=AVX2+BMI1+BMI2+F16C+FMA+LZCNT+MOVBE,AVX,SSE3+SSSE3+SSE4.1+SSE4.2+POPCNT,X86Base+SSE+SSE2,AES+PCLMUL VectorSize=256
// Job: DefaultJob

WorkloadJitting  1: 1 op, 728600.00 ns, 728.6000 us/op
WorkloadJitting  2: 30 op, 12044600.00 ns, 401.4867 us/op
WorkloadJitting  3: 30 op, 10863600.00 ns, 362.1200 us/op
WorkloadJitting  4: 1 op, 166800.00 ns, 166.8000 us/op

WorkloadPilot    1: 1 op, 150300.00 ns, 150.3000 us/op

WorkloadPilot    1: 16 op, 3936000.00 ns, 246.0000 us/op
WorkloadPilot    2: 32 op, 5149300.00 ns, 160.9156 us/op
WorkloadPilot    3: 64 op, 12639700.00 ns, 197.4953 us/op
WorkloadPilot    4: 128 op, 21633800.00 ns, 169.0141 us/op
WorkloadPilot    5: 256 op, 39605000.00 ns, 154.7070 us/op
WorkloadPilot    6: 512 op, 87267000.00 ns, 170.4434 us/op
WorkloadPilot    7: 1024 op, 166539300.00 ns, 162.6360 us/op
WorkloadPilot    8: 2048 op, 340675500.00 ns, 166.3455 us/op
WorkloadPilot    9: 4096 op, 718958000.00 ns, 175.5269 us/op

WorkloadWarmup   1: 4096 op, 694346500.00 ns, 169.5182 us/op
WorkloadWarmup   2: 4096 op, 689975300.00 ns, 168.4510 us/op
WorkloadWarmup   3: 4096 op, 685829300.00 ns, 167.4388 us/op
WorkloadWarmup   4: 4096 op, 704348600.00 ns, 171.9601 us/op
WorkloadWarmup   5: 4096 op, 688541000.00 ns, 168.1008 us/op
WorkloadWarmup   6: 4096 op, 697130000.00 ns, 170.1978 us/op
WorkloadWarmup   7: 4096 op, 681239400.00 ns, 166.3182 us/op

// BeforeActualRun
WorkloadActual   1: 4096 op, 692808500.00 ns, 169.1427 us/op
WorkloadActual   2: 4096 op, 684260500.00 ns, 167.0558 us/op
WorkloadActual   3: 4096 op, 712149200.00 ns, 173.8646 us/op
WorkloadActual   4: 4096 op, 640781300.00 ns, 156.4407 us/op
WorkloadActual   5: 4096 op, 558062300.00 ns, 136.2457 us/op
WorkloadActual   6: 4096 op, 622289100.00 ns, 151.9260 us/op
WorkloadActual   7: 4096 op, 580032500.00 ns, 141.6095 us/op
WorkloadActual   8: 4096 op, 579630300.00 ns, 141.5113 us/op
WorkloadActual   9: 4096 op, 688108900.00 ns, 167.9953 us/op
WorkloadActual  10: 4096 op, 635379600.00 ns, 155.1220 us/op
WorkloadActual  11: 4096 op, 694128300.00 ns, 169.4649 us/op
WorkloadActual  12: 4096 op, 668023000.00 ns, 163.0916 us/op
WorkloadActual  13: 4096 op, 570634200.00 ns, 139.3150 us/op
WorkloadActual  14: 4096 op, 656116300.00 ns, 160.1846 us/op
WorkloadActual  15: 4096 op, 559780300.00 ns, 136.6651 us/op
WorkloadActual  16: 4096 op, 602451400.00 ns, 147.0829 us/op
WorkloadActual  17: 4096 op, 630869900.00 ns, 154.0210 us/op
WorkloadActual  18: 4096 op, 517715000.00 ns, 126.3953 us/op
WorkloadActual  19: 4096 op, 574441000.00 ns, 140.2444 us/op
WorkloadActual  20: 4096 op, 588836000.00 ns, 143.7588 us/op
WorkloadActual  21: 4096 op, 615620000.00 ns, 150.2979 us/op
WorkloadActual  22: 4096 op, 528664500.00 ns, 129.0685 us/op
WorkloadActual  23: 4096 op, 623516500.00 ns, 152.2257 us/op
WorkloadActual  24: 4096 op, 565769100.00 ns, 138.1272 us/op
WorkloadActual  25: 4096 op, 596830300.00 ns, 145.7105 us/op
WorkloadActual  26: 4096 op, 568145600.00 ns, 138.7074 us/op
WorkloadActual  27: 4096 op, 718036300.00 ns, 175.3018 us/op
WorkloadActual  28: 4096 op, 674312100.00 ns, 164.6270 us/op
WorkloadActual  29: 4096 op, 543832100.00 ns, 132.7715 us/op
WorkloadActual  30: 4096 op, 613728600.00 ns, 149.8361 us/op
WorkloadActual  31: 4096 op, 574243000.00 ns, 140.1960 us/op
WorkloadActual  32: 4096 op, 543999200.00 ns, 132.8123 us/op
WorkloadActual  33: 4096 op, 600788000.00 ns, 146.6768 us/op
WorkloadActual  34: 4096 op, 586231700.00 ns, 143.1230 us/op
WorkloadActual  35: 4096 op, 566789700.00 ns, 138.3764 us/op
WorkloadActual  36: 4096 op, 622696000.00 ns, 152.0254 us/op
WorkloadActual  37: 4096 op, 654911700.00 ns, 159.8906 us/op
WorkloadActual  38: 4096 op, 681354000.00 ns, 166.3462 us/op
WorkloadActual  39: 4096 op, 672269900.00 ns, 164.1284 us/op
WorkloadActual  40: 4096 op, 681577900.00 ns, 166.4009 us/op
WorkloadActual  41: 4096 op, 738617700.00 ns, 180.3266 us/op
WorkloadActual  42: 4096 op, 716518700.00 ns, 174.9313 us/op
WorkloadActual  43: 4096 op, 692350100.00 ns, 169.0308 us/op
WorkloadActual  44: 4096 op, 686953300.00 ns, 167.7132 us/op
WorkloadActual  45: 4096 op, 712289700.00 ns, 173.8989 us/op
WorkloadActual  46: 4096 op, 699401500.00 ns, 170.7523 us/op
WorkloadActual  47: 4096 op, 683905100.00 ns, 166.9690 us/op
WorkloadActual  48: 4096 op, 705595300.00 ns, 172.2645 us/op
WorkloadActual  49: 4096 op, 745854600.00 ns, 182.0934 us/op
WorkloadActual  50: 4096 op, 705367200.00 ns, 172.2088 us/op
WorkloadActual  51: 4096 op, 680028400.00 ns, 166.0226 us/op
WorkloadActual  52: 4096 op, 700241700.00 ns, 170.9574 us/op
WorkloadActual  53: 4096 op, 703166100.00 ns, 171.6714 us/op
WorkloadActual  54: 4096 op, 715979600.00 ns, 174.7997 us/op
WorkloadActual  55: 4096 op, 701448600.00 ns, 171.2521 us/op
WorkloadActual  56: 4096 op, 690916400.00 ns, 168.6808 us/op
WorkloadActual  57: 4096 op, 719608900.00 ns, 175.6858 us/op
WorkloadActual  58: 4096 op, 684772500.00 ns, 167.1808 us/op
WorkloadActual  59: 4096 op, 683953800.00 ns, 166.9809 us/op
WorkloadActual  60: 4096 op, 667064000.00 ns, 162.8574 us/op
WorkloadActual  61: 4096 op, 665375700.00 ns, 162.4452 us/op
WorkloadActual  62: 4096 op, 664191200.00 ns, 162.1561 us/op
WorkloadActual  63: 4096 op, 659032100.00 ns, 160.8965 us/op
WorkloadActual  64: 4096 op, 651115000.00 ns, 158.9636 us/op
WorkloadActual  65: 4096 op, 711332800.00 ns, 173.6652 us/op
WorkloadActual  66: 4096 op, 679335400.00 ns, 165.8534 us/op
WorkloadActual  67: 4096 op, 698231200.00 ns, 170.4666 us/op
WorkloadActual  68: 4096 op, 718006000.00 ns, 175.2944 us/op
WorkloadActual  69: 4096 op, 782151000.00 ns, 190.9548 us/op
WorkloadActual  70: 4096 op, 767690200.00 ns, 187.4244 us/op
WorkloadActual  71: 4096 op, 738957400.00 ns, 180.4095 us/op
WorkloadActual  72: 4096 op, 713407200.00 ns, 174.1717 us/op
WorkloadActual  73: 4096 op, 672763400.00 ns, 164.2489 us/op
WorkloadActual  74: 4096 op, 678935900.00 ns, 165.7558 us/op
WorkloadActual  75: 4096 op, 707261300.00 ns, 172.6712 us/op
WorkloadActual  76: 4096 op, 659566000.00 ns, 161.0269 us/op
WorkloadActual  77: 4096 op, 641280500.00 ns, 156.5626 us/op
WorkloadActual  78: 4096 op, 687935600.00 ns, 167.9530 us/op
WorkloadActual  79: 4096 op, 668565100.00 ns, 163.2239 us/op
WorkloadActual  80: 4096 op, 663793000.00 ns, 162.0588 us/op
WorkloadActual  81: 4096 op, 682922800.00 ns, 166.7292 us/op
WorkloadActual  82: 4096 op, 651901700.00 ns, 159.1557 us/op
WorkloadActual  83: 4096 op, 709108700.00 ns, 173.1222 us/op
WorkloadActual  84: 4096 op, 690776500.00 ns, 168.6466 us/op
WorkloadActual  85: 4096 op, 663371900.00 ns, 161.9560 us/op
WorkloadActual  86: 4096 op, 674905500.00 ns, 164.7719 us/op
WorkloadActual  87: 4096 op, 667875700.00 ns, 163.0556 us/op
WorkloadActual  88: 4096 op, 700287900.00 ns, 170.9687 us/op
WorkloadActual  89: 4096 op, 685142000.00 ns, 167.2710 us/op
WorkloadActual  90: 4096 op, 681994100.00 ns, 166.5025 us/op
WorkloadActual  91: 4096 op, 683405900.00 ns, 166.8471 us/op
WorkloadActual  92: 4096 op, 693729900.00 ns, 169.3677 us/op
WorkloadActual  93: 4096 op, 684974100.00 ns, 167.2300 us/op
WorkloadActual  94: 4096 op, 684554800.00 ns, 167.1276 us/op
WorkloadActual  95: 4096 op, 681698000.00 ns, 166.4302 us/op
WorkloadActual  96: 4096 op, 652437600.00 ns, 159.2865 us/op
WorkloadActual  97: 4096 op, 701325900.00 ns, 171.2221 us/op
WorkloadActual  98: 4096 op, 740809900.00 ns, 180.8618 us/op
WorkloadActual  99: 4096 op, 677327800.00 ns, 165.3632 us/op
WorkloadActual  100: 4096 op, 676560200.00 ns, 165.1758 us/op

// AfterActualRun
// BeforeExtraIteration
// AfterExtraIteration
WorkloadExtra    1: 4096 op, 708742500.00 ns, 173.0328 us/op
WorkloadResult   1: 4096 op, 692808500.00 ns, 169.1427 us/op
WorkloadResult   2: 4096 op, 684260500.00 ns, 167.0558 us/op
WorkloadResult   3: 4096 op, 712149200.00 ns, 173.8646 us/op
WorkloadResult   4: 4096 op, 640781300.00 ns, 156.4407 us/op
WorkloadResult   5: 4096 op, 558062300.00 ns, 136.2457 us/op
WorkloadResult   6: 4096 op, 622289100.00 ns, 151.9260 us/op
WorkloadResult   7: 4096 op, 580032500.00 ns, 141.6095 us/op
WorkloadResult   8: 4096 op, 579630300.00 ns, 141.5113 us/op
WorkloadResult   9: 4096 op, 688108900.00 ns, 167.9953 us/op
WorkloadResult  10: 4096 op, 635379600.00 ns, 155.1220 us/op
WorkloadResult  11: 4096 op, 694128300.00 ns, 169.4649 us/op
WorkloadResult  12: 4096 op, 668023000.00 ns, 163.0916 us/op
WorkloadResult  13: 4096 op, 570634200.00 ns, 139.3150 us/op
WorkloadResult  14: 4096 op, 656116300.00 ns, 160.1846 us/op
WorkloadResult  15: 4096 op, 559780300.00 ns, 136.6651 us/op
WorkloadResult  16: 4096 op, 602451400.00 ns, 147.0829 us/op
WorkloadResult  17: 4096 op, 630869900.00 ns, 154.0210 us/op
WorkloadResult  18: 4096 op, 517715000.00 ns, 126.3953 us/op
WorkloadResult  19: 4096 op, 574441000.00 ns, 140.2444 us/op
WorkloadResult  20: 4096 op, 588836000.00 ns, 143.7588 us/op
WorkloadResult  21: 4096 op, 615620000.00 ns, 150.2979 us/op
WorkloadResult  22: 4096 op, 528664500.00 ns, 129.0685 us/op
WorkloadResult  23: 4096 op, 623516500.00 ns, 152.2257 us/op
WorkloadResult  24: 4096 op, 565769100.00 ns, 138.1272 us/op
WorkloadResult  25: 4096 op, 596830300.00 ns, 145.7105 us/op
WorkloadResult  26: 4096 op, 568145600.00 ns, 138.7074 us/op
WorkloadResult  27: 4096 op, 718036300.00 ns, 175.3018 us/op
WorkloadResult  28: 4096 op, 674312100.00 ns, 164.6270 us/op
WorkloadResult  29: 4096 op, 543832100.00 ns, 132.7715 us/op
WorkloadResult  30: 4096 op, 613728600.00 ns, 149.8361 us/op
WorkloadResult  31: 4096 op, 574243000.00 ns, 140.1960 us/op
WorkloadResult  32: 4096 op, 543999200.00 ns, 132.8123 us/op
WorkloadResult  33: 4096 op, 600788000.00 ns, 146.6768 us/op
WorkloadResult  34: 4096 op, 586231700.00 ns, 143.1230 us/op
WorkloadResult  35: 4096 op, 566789700.00 ns, 138.3764 us/op
WorkloadResult  36: 4096 op, 622696000.00 ns, 152.0254 us/op
WorkloadResult  37: 4096 op, 654911700.00 ns, 159.8906 us/op
WorkloadResult  38: 4096 op, 681354000.00 ns, 166.3462 us/op
WorkloadResult  39: 4096 op, 672269900.00 ns, 164.1284 us/op
WorkloadResult  40: 4096 op, 681577900.00 ns, 166.4009 us/op
WorkloadResult  41: 4096 op, 738617700.00 ns, 180.3266 us/op
WorkloadResult  42: 4096 op, 716518700.00 ns, 174.9313 us/op
WorkloadResult  43: 4096 op, 692350100.00 ns, 169.0308 us/op
WorkloadResult  44: 4096 op, 686953300.00 ns, 167.7132 us/op
WorkloadResult  45: 4096 op, 712289700.00 ns, 173.8989 us/op
WorkloadResult  46: 4096 op, 699401500.00 ns, 170.7523 us/op
WorkloadResult  47: 4096 op, 683905100.00 ns, 166.9690 us/op
WorkloadResult  48: 4096 op, 705595300.00 ns, 172.2645 us/op
WorkloadResult  49: 4096 op, 745854600.00 ns, 182.0934 us/op
WorkloadResult  50: 4096 op, 705367200.00 ns, 172.2088 us/op
WorkloadResult  51: 4096 op, 680028400.00 ns, 166.0226 us/op
WorkloadResult  52: 4096 op, 700241700.00 ns, 170.9574 us/op
WorkloadResult  53: 4096 op, 703166100.00 ns, 171.6714 us/op
WorkloadResult  54: 4096 op, 715979600.00 ns, 174.7997 us/op
WorkloadResult  55: 4096 op, 701448600.00 ns, 171.2521 us/op
WorkloadResult  56: 4096 op, 690916400.00 ns, 168.6808 us/op
WorkloadResult  57: 4096 op, 719608900.00 ns, 175.6858 us/op
WorkloadResult  58: 4096 op, 684772500.00 ns, 167.1808 us/op
WorkloadResult  59: 4096 op, 683953800.00 ns, 166.9809 us/op
WorkloadResult  60: 4096 op, 667064000.00 ns, 162.8574 us/op
WorkloadResult  61: 4096 op, 665375700.00 ns, 162.4452 us/op
WorkloadResult  62: 4096 op, 664191200.00 ns, 162.1561 us/op
WorkloadResult  63: 4096 op, 659032100.00 ns, 160.8965 us/op
WorkloadResult  64: 4096 op, 651115000.00 ns, 158.9636 us/op
WorkloadResult  65: 4096 op, 711332800.00 ns, 173.6652 us/op
WorkloadResult  66: 4096 op, 679335400.00 ns, 165.8534 us/op
WorkloadResult  67: 4096 op, 698231200.00 ns, 170.4666 us/op
WorkloadResult  68: 4096 op, 718006000.00 ns, 175.2944 us/op
WorkloadResult  69: 4096 op, 782151000.00 ns, 190.9548 us/op
WorkloadResult  70: 4096 op, 767690200.00 ns, 187.4244 us/op
WorkloadResult  71: 4096 op, 738957400.00 ns, 180.4095 us/op
WorkloadResult  72: 4096 op, 713407200.00 ns, 174.1717 us/op
WorkloadResult  73: 4096 op, 672763400.00 ns, 164.2489 us/op
WorkloadResult  74: 4096 op, 678935900.00 ns, 165.7558 us/op
WorkloadResult  75: 4096 op, 707261300.00 ns, 172.6712 us/op
WorkloadResult  76: 4096 op, 659566000.00 ns, 161.0269 us/op
WorkloadResult  77: 4096 op, 641280500.00 ns, 156.5626 us/op
WorkloadResult  78: 4096 op, 687935600.00 ns, 167.9530 us/op
WorkloadResult  79: 4096 op, 668565100.00 ns, 163.2239 us/op
WorkloadResult  80: 4096 op, 663793000.00 ns, 162.0588 us/op
WorkloadResult  81: 4096 op, 682922800.00 ns, 166.7292 us/op
WorkloadResult  82: 4096 op, 651901700.00 ns, 159.1557 us/op
WorkloadResult  83: 4096 op, 709108700.00 ns, 173.1222 us/op
WorkloadResult  84: 4096 op, 690776500.00 ns, 168.6466 us/op
WorkloadResult  85: 4096 op, 663371900.00 ns, 161.9560 us/op
WorkloadResult  86: 4096 op, 674905500.00 ns, 164.7719 us/op
WorkloadResult  87: 4096 op, 667875700.00 ns, 163.0556 us/op
WorkloadResult  88: 4096 op, 700287900.00 ns, 170.9687 us/op
WorkloadResult  89: 4096 op, 685142000.00 ns, 167.2710 us/op
WorkloadResult  90: 4096 op, 681994100.00 ns, 166.5025 us/op
WorkloadResult  91: 4096 op, 683405900.00 ns, 166.8471 us/op
WorkloadResult  92: 4096 op, 693729900.00 ns, 169.3677 us/op
WorkloadResult  93: 4096 op, 684974100.00 ns, 167.2300 us/op
WorkloadResult  94: 4096 op, 684554800.00 ns, 167.1276 us/op
WorkloadResult  95: 4096 op, 681698000.00 ns, 166.4302 us/op
WorkloadResult  96: 4096 op, 652437600.00 ns, 159.2865 us/op
WorkloadResult  97: 4096 op, 701325900.00 ns, 171.2221 us/op
WorkloadResult  98: 4096 op, 740809900.00 ns, 180.8618 us/op
WorkloadResult  99: 4096 op, 677327800.00 ns, 165.3632 us/op
WorkloadResult  100: 4096 op, 676560200.00 ns, 165.1758 us/op
// GC:  305 61 0 1923481600 4096

// AfterAll
// Benchmark Process 13552 has exited with code 0.

Mean = 161.714 μs, StdErr = 1.337 μs (0.83%), N = 100, StdDev = 13.374 μs
Min = 126.395 μs, Q1 = 154.847 μs, Median = 165.805 μs, Q3 = 170.538 μs, Max = 190.955 μs
IQR = 15.691 μs, LowerFence = 131.310 μs, UpperFence = 194.075 μs
ConfidenceInterval = [157.178 μs; 166.249 μs] (CI 99.9%), Margin = 4.536 μs (2.80% of Mean)
Skewness = -0.7, Kurtosis = 2.93, MValue = 2.49

// ** Remained 2 (25.0%) benchmark(s) to run. Estimated finish 2026-09-26 16:24 (0h 2m from now) **
Setup power plan (GUID: 8c5e7fda-e8bf-4a96-9a85-a6e23a8c635c FriendlyName: High performance)
// **************************
// Benchmark: StringBenchmark.StringConcatenation: DefaultJob [N=100000]
// *** Execute ***
// Launch: 1 / 1
// Execute: dotnet AcademyScheduleAnalyzer-gen.dll --ipcPort 60372 --benchmarkName "AcademyScheduleAnalyzer.Benchmarks.StringBenchmark.StringConcatenation(N: 100000)" --job Default --diagnoserRunMode 3 --benchmarkId 6 in E:\ALL.net\Assigments & Solutions\Assignment4Upload\judge22-Assignment-4\assignment1-4\AcademyScheduleAnalyzer\AcademyScheduleAnalyzer\AcademyScheduleAnalyzer\.bdn\1\b
// BeforeAnythingElse

// Benchmark Process Environment Information:
// BenchmarkDotNet v0.16.0-preview.2
// Runtime=.NET 10.0.11 (10.0.11, 10.0.1126.37416), X64 RyuJIT x86-64-v3
// GC=Concurrent Workstation
// HardwareIntrinsics=AVX2+BMI1+BMI2+F16C+FMA+LZCNT+MOVBE,AVX,SSE3+SSSE3+SSE4.1+SSE4.2+POPCNT,X86Base+SSE+SSE2,AES+PCLMUL VectorSize=256
// Job: DefaultJob

WorkloadJitting  1: 1 op, 11124911900.00 ns, 11.1249 s/op
WorkloadJitting  2: 1 op, 11048877400.00 ns, 11.0489 s/op

WorkloadWarmup   1: 1 op, 10635042600.00 ns, 10.6350 s/op
WorkloadWarmup   2: 1 op, 10791098800.00 ns, 10.7911 s/op
WorkloadWarmup   3: 1 op, 10837820100.00 ns, 10.8378 s/op
WorkloadWarmup   4: 1 op, 10879680400.00 ns, 10.8797 s/op
WorkloadWarmup   5: 1 op, 10797972500.00 ns, 10.7980 s/op
WorkloadWarmup   6: 1 op, 10914220600.00 ns, 10.9142 s/op
WorkloadWarmup   7: 1 op, 10998134500.00 ns, 10.9981 s/op
WorkloadWarmup   8: 1 op, 11006882900.00 ns, 11.0069 s/op
WorkloadWarmup   9: 1 op, 10903908800.00 ns, 10.9039 s/op

// BeforeActualRun
WorkloadActual   1: 1 op, 10923579300.00 ns, 10.9236 s/op
WorkloadActual   2: 1 op, 10757242100.00 ns, 10.7572 s/op
WorkloadActual   3: 1 op, 10822479000.00 ns, 10.8225 s/op
WorkloadActual   4: 1 op, 10767560100.00 ns, 10.7676 s/op
WorkloadActual   5: 1 op, 10732381000.00 ns, 10.7324 s/op
WorkloadActual   6: 1 op, 10679617200.00 ns, 10.6796 s/op
WorkloadActual   7: 1 op, 10840542700.00 ns, 10.8405 s/op
WorkloadActual   8: 1 op, 10708297300.00 ns, 10.7083 s/op
WorkloadActual   9: 1 op, 10765548400.00 ns, 10.7655 s/op
WorkloadActual  10: 1 op, 10758446600.00 ns, 10.7584 s/op
WorkloadActual  11: 1 op, 10641904000.00 ns, 10.6419 s/op
WorkloadActual  12: 1 op, 11460632600.00 ns, 11.4606 s/op
WorkloadActual  13: 1 op, 10538607400.00 ns, 10.5386 s/op
WorkloadActual  14: 1 op, 10658293800.00 ns, 10.6583 s/op
WorkloadActual  15: 1 op, 10861607500.00 ns, 10.8616 s/op

// AfterActualRun
// BeforeExtraIteration
// AfterExtraIteration
WorkloadExtra    1: 1 op, 10882613400.00 ns, 10.8826 s/op
WorkloadResult   1: 1 op, 10923579300.00 ns, 10.9236 s/op
WorkloadResult   2: 1 op, 10757242100.00 ns, 10.7572 s/op
WorkloadResult   3: 1 op, 10822479000.00 ns, 10.8225 s/op
WorkloadResult   4: 1 op, 10767560100.00 ns, 10.7676 s/op
WorkloadResult   5: 1 op, 10732381000.00 ns, 10.7324 s/op
WorkloadResult   6: 1 op, 10679617200.00 ns, 10.6796 s/op
WorkloadResult   7: 1 op, 10840542700.00 ns, 10.8405 s/op
WorkloadResult   8: 1 op, 10708297300.00 ns, 10.7083 s/op
WorkloadResult   9: 1 op, 10765548400.00 ns, 10.7655 s/op
WorkloadResult  10: 1 op, 10758446600.00 ns, 10.7584 s/op
WorkloadResult  11: 1 op, 10641904000.00 ns, 10.6419 s/op
WorkloadResult  12: 1 op, 10538607400.00 ns, 10.5386 s/op
WorkloadResult  13: 1 op, 10658293800.00 ns, 10.6583 s/op
WorkloadResult  14: 1 op, 10861607500.00 ns, 10.8616 s/op
// GC:  10857 10783 10771 47917384440 1

// AfterAll
// Benchmark Process 19444 has exited with code 0.

Mean = 10.747 s, StdErr = 0.027 s (0.25%), N = 14, StdDev = 0.099 s
Min = 10.539 s, Q1 = 10.687 s, Median = 10.758 s, Q3 = 10.809 s, Max = 10.924 s
IQR = 0.122 s, LowerFence = 10.504 s, UpperFence = 10.992 s
ConfidenceInterval = [10.635 s; 10.859 s] (CI 99.9%), Margin = 0.112 s (1.04% of Mean)
Skewness = -0.21, Kurtosis = 2.45, MValue = 2

// ** Remained 1 (12.5%) benchmark(s) to run. Estimated finish 2026-09-26 16:28 (0h 1m from now) **
Setup power plan (GUID: 8c5e7fda-e8bf-4a96-9a85-a6e23a8c635c FriendlyName: High performance)
// **************************
// Benchmark: StringBenchmark.StringBuilderConcatenation: DefaultJob [N=100000]
// *** Execute ***
// Launch: 1 / 1
// Execute: dotnet AcademyScheduleAnalyzer-gen.dll --ipcPort 60426 --benchmarkName "AcademyScheduleAnalyzer.Benchmarks.StringBenchmark.StringBuilderConcatenation(N: 100000)" --job Default --diagnoserRunMode 3 --benchmarkId 7 in E:\ALL.net\Assigments & Solutions\Assignment4Upload\judge22-Assignment-4\assignment1-4\AcademyScheduleAnalyzer\AcademyScheduleAnalyzer\AcademyScheduleAnalyzer\.bdn\1\b
// BeforeAnythingElse

// Benchmark Process Environment Information:
// BenchmarkDotNet v0.16.0-preview.2
// Runtime=.NET 10.0.11 (10.0.11, 10.0.1126.37416), X64 RyuJIT x86-64-v3
// GC=Concurrent Workstation
// HardwareIntrinsics=AVX2+BMI1+BMI2+F16C+FMA+LZCNT+MOVBE,AVX,SSE3+SSSE3+SSE4.1+SSE4.2+POPCNT,X86Base+SSE+SSE2,AES+PCLMUL VectorSize=256
// Job: DefaultJob

WorkloadJitting  1: 1 op, 6672000.00 ns, 6.6720 ms/op
WorkloadJitting  2: 30 op, 134547600.00 ns, 4.4849 ms/op
WorkloadJitting  3: 30 op, 105894000.00 ns, 3.5298 ms/op
WorkloadJitting  4: 1 op, 2037400.00 ns, 2.0374 ms/op

WorkloadPilot    1: 1 op, 2861800.00 ns, 2.8618 ms/op

WorkloadPilot    1: 16 op, 51054800.00 ns, 3.1909 ms/op
WorkloadPilot    2: 32 op, 92428000.00 ns, 2.8884 ms/op
WorkloadPilot    3: 64 op, 173304300.00 ns, 2.7079 ms/op
WorkloadPilot    4: 128 op, 349421400.00 ns, 2.7299 ms/op
WorkloadPilot    5: 256 op, 704536700.00 ns, 2.7521 ms/op

WorkloadWarmup   1: 256 op, 696506700.00 ns, 2.7207 ms/op
WorkloadWarmup   2: 256 op, 707490400.00 ns, 2.7636 ms/op
WorkloadWarmup   3: 256 op, 715798900.00 ns, 2.7961 ms/op
WorkloadWarmup   4: 256 op, 697232700.00 ns, 2.7236 ms/op
WorkloadWarmup   5: 256 op, 701410600.00 ns, 2.7399 ms/op
WorkloadWarmup   6: 256 op, 720743400.00 ns, 2.8154 ms/op
WorkloadWarmup   7: 256 op, 701430200.00 ns, 2.7400 ms/op

// BeforeActualRun
WorkloadActual   1: 256 op, 690252500.00 ns, 2.6963 ms/op
WorkloadActual   2: 256 op, 736036600.00 ns, 2.8751 ms/op
WorkloadActual   3: 256 op, 692705300.00 ns, 2.7059 ms/op
WorkloadActual   4: 256 op, 709082600.00 ns, 2.7699 ms/op
WorkloadActual   5: 256 op, 709314800.00 ns, 2.7708 ms/op
WorkloadActual   6: 256 op, 721250400.00 ns, 2.8174 ms/op
WorkloadActual   7: 256 op, 705546300.00 ns, 2.7560 ms/op
WorkloadActual   8: 256 op, 827340400.00 ns, 3.2318 ms/op
WorkloadActual   9: 256 op, 805860200.00 ns, 3.1479 ms/op
WorkloadActual  10: 256 op, 825950800.00 ns, 3.2264 ms/op
WorkloadActual  11: 256 op, 772927100.00 ns, 3.0192 ms/op
WorkloadActual  12: 256 op, 744803000.00 ns, 2.9094 ms/op
WorkloadActual  13: 256 op, 840827700.00 ns, 3.2845 ms/op
WorkloadActual  14: 256 op, 787010900.00 ns, 3.0743 ms/op
WorkloadActual  15: 256 op, 724332300.00 ns, 2.8294 ms/op
WorkloadActual  16: 256 op, 714251200.00 ns, 2.7900 ms/op
WorkloadActual  17: 256 op, 719481700.00 ns, 2.8105 ms/op
WorkloadActual  18: 256 op, 719978800.00 ns, 2.8124 ms/op
WorkloadActual  19: 256 op, 700746500.00 ns, 2.7373 ms/op
WorkloadActual  20: 256 op, 714499700.00 ns, 2.7910 ms/op
WorkloadActual  21: 256 op, 730995200.00 ns, 2.8555 ms/op
WorkloadActual  22: 256 op, 738244300.00 ns, 2.8838 ms/op
WorkloadActual  23: 256 op, 755712300.00 ns, 2.9520 ms/op
WorkloadActual  24: 256 op, 742849400.00 ns, 2.9018 ms/op
WorkloadActual  25: 256 op, 717017700.00 ns, 2.8009 ms/op
WorkloadActual  26: 256 op, 711554500.00 ns, 2.7795 ms/op
WorkloadActual  27: 256 op, 724715200.00 ns, 2.8309 ms/op
WorkloadActual  28: 256 op, 711889200.00 ns, 2.7808 ms/op
WorkloadActual  29: 256 op, 689876300.00 ns, 2.6948 ms/op
WorkloadActual  30: 256 op, 700354000.00 ns, 2.7358 ms/op
WorkloadActual  31: 256 op, 729126100.00 ns, 2.8481 ms/op
WorkloadActual  32: 256 op, 721604000.00 ns, 2.8188 ms/op
WorkloadActual  33: 256 op, 712103900.00 ns, 2.7817 ms/op
WorkloadActual  34: 256 op, 725166800.00 ns, 2.8327 ms/op
WorkloadActual  35: 256 op, 726409100.00 ns, 2.8375 ms/op

// AfterActualRun
// BeforeExtraIteration
// AfterExtraIteration
WorkloadExtra    1: 256 op, 724756300.00 ns, 2.8311 ms/op
WorkloadResult   1: 256 op, 690252500.00 ns, 2.6963 ms/op
WorkloadResult   2: 256 op, 736036600.00 ns, 2.8751 ms/op
WorkloadResult   3: 256 op, 692705300.00 ns, 2.7059 ms/op
WorkloadResult   4: 256 op, 709082600.00 ns, 2.7699 ms/op
WorkloadResult   5: 256 op, 709314800.00 ns, 2.7708 ms/op
WorkloadResult   6: 256 op, 721250400.00 ns, 2.8174 ms/op
WorkloadResult   7: 256 op, 705546300.00 ns, 2.7560 ms/op
WorkloadResult   8: 256 op, 772927100.00 ns, 3.0192 ms/op
WorkloadResult   9: 256 op, 744803000.00 ns, 2.9094 ms/op
WorkloadResult  10: 256 op, 724332300.00 ns, 2.8294 ms/op
WorkloadResult  11: 256 op, 714251200.00 ns, 2.7900 ms/op
WorkloadResult  12: 256 op, 719481700.00 ns, 2.8105 ms/op
WorkloadResult  13: 256 op, 719978800.00 ns, 2.8124 ms/op
WorkloadResult  14: 256 op, 700746500.00 ns, 2.7373 ms/op
WorkloadResult  15: 256 op, 714499700.00 ns, 2.7910 ms/op
WorkloadResult  16: 256 op, 730995200.00 ns, 2.8555 ms/op
WorkloadResult  17: 256 op, 738244300.00 ns, 2.8838 ms/op
WorkloadResult  18: 256 op, 755712300.00 ns, 2.9520 ms/op
WorkloadResult  19: 256 op, 742849400.00 ns, 2.9018 ms/op
WorkloadResult  20: 256 op, 717017700.00 ns, 2.8009 ms/op
WorkloadResult  21: 256 op, 711554500.00 ns, 2.7795 ms/op
WorkloadResult  22: 256 op, 724715200.00 ns, 2.8309 ms/op
WorkloadResult  23: 256 op, 711889200.00 ns, 2.7808 ms/op
WorkloadResult  24: 256 op, 689876300.00 ns, 2.6948 ms/op
WorkloadResult  25: 256 op, 700354000.00 ns, 2.7358 ms/op
WorkloadResult  26: 256 op, 729126100.00 ns, 2.8481 ms/op
WorkloadResult  27: 256 op, 721604000.00 ns, 2.8188 ms/op
WorkloadResult  28: 256 op, 712103900.00 ns, 2.7817 ms/op
WorkloadResult  29: 256 op, 725166800.00 ns, 2.8327 ms/op
WorkloadResult  30: 256 op, 726409100.00 ns, 2.8375 ms/op
// GC:  191 190 63 1322459536 256

// AfterAll
// Benchmark Process 13236 has exited with code 0.

Mean = 2.814 ms, StdErr = 0.013 ms (0.47%), N = 30, StdDev = 0.073 ms
Min = 2.695 ms, Q1 = 2.773 ms, Median = 2.811 ms, Q3 = 2.845 ms, Max = 3.019 ms
IQR = 0.073 ms, LowerFence = 2.664 ms, UpperFence = 2.954 ms
ConfidenceInterval = [2.765 ms; 2.863 ms] (CI 99.9%), Margin = 0.049 ms (1.73% of Mean)
Skewness = 0.64, Kurtosis = 3.46, MValue = 2

// ** Remained 0 (0.0%) benchmark(s) to run. Estimated finish 2026-09-26 16:27 (0h 0m from now) **
Successfully reverted power plan (GUID: 381b4222-f694-41f0-9685-ff5bb260df2e FriendlyName: Balanced)
// ***** BenchmarkRunner: Finish  *****

// * Export *
  BenchmarkDotNet.Artifacts\results\AcademySchedule-tringBenchmark-report.csv
  BenchmarkDotNet.Artifacts\results\AcademySchedule-tringBenchmark-report-github.md
  BenchmarkDotNet.Artifacts\results\AcademySchedule-tringBenchmark-report.html

// * Detailed results *
StringBenchmark.StringConcatenation: DefaultJob [N=100]
Runtime = .NET 10.0.11 (10.0.11, 10.0.1126.37416), X64 RyuJIT x86-64-v3; GC = Concurrent Workstation
Mean = 3.644 μs, StdErr = 0.045 μs (1.24%), N = 97, StdDev = 0.446 μs
Min = 2.745 μs, Q1 = 3.305 μs, Median = 3.622 μs, Q3 = 3.941 μs, Max = 4.760 μs
IQR = 0.637 μs, LowerFence = 2.350 μs, UpperFence = 4.897 μs
ConfidenceInterval = [3.491 μs; 3.798 μs] (CI 99.9%), Margin = 0.154 μs (4.22% of Mean)
Skewness = 0.26, Kurtosis = 2.5, MValue = 2.56
-------------------- Histogram --------------------
[2.617 μs ; 2.863 μs) | @@
[2.863 μs ; 3.131 μs) | @@@@@@@@
[3.131 μs ; 3.413 μs) | @@@@@@@@@@@@@@@@@@@
[3.413 μs ; 3.668 μs) | @@@@@@@@@@@@@@@@@@@@@@@@@
[3.668 μs ; 3.972 μs) | @@@@@@@@@@@@@@@@@@@@@@@
[3.972 μs ; 4.252 μs) | @@@@@@@@@@@@
[4.252 μs ; 4.354 μs) | 
[4.354 μs ; 4.609 μs) | @@@@@@@
[4.609 μs ; 4.887 μs) | @
---------------------------------------------------

StringBenchmark.StringBuilderConcatenation: DefaultJob [N=100]
Runtime = .NET 10.0.11 (10.0.11, 10.0.1126.37416), X64 RyuJIT x86-64-v3; GC = Concurrent Workstation
Mean = 494.079 ns, StdErr = 4.873 ns (0.99%), N = 98, StdDev = 48.240 ns
Min = 383.113 ns, Q1 = 464.838 ns, Median = 496.696 ns, Q3 = 525.691 ns, Max = 611.037 ns
IQR = 60.852 ns, LowerFence = 373.560 ns, UpperFence = 616.969 ns
ConfidenceInterval = [477.542 ns; 510.616 ns] (CI 99.9%), Margin = 16.537 ns (3.35% of Mean)
Skewness = 0.02, Kurtosis = 2.67, MValue = 2.93
-------------------- Histogram --------------------
[369.380 ns ; 397.096 ns) | @
[397.096 ns ; 419.709 ns) | @@@@@@
[419.709 ns ; 447.175 ns) | @@@@@@@@@@@@@@
[447.175 ns ; 456.914 ns) | 
[456.914 ns ; 486.995 ns) | @@@@@@@@@@@@@@@@
[486.995 ns ; 514.461 ns) | @@@@@@@@@@@@@@@@@@@@@@@@@@@@@@
[514.461 ns ; 544.471 ns) | @@@@@@@@@@@@@@@@@@
[544.471 ns ; 579.279 ns) | @@@@@@@@
[579.279 ns ; 606.745 ns) | @@@@
[606.745 ns ; 624.770 ns) | @
---------------------------------------------------

StringBenchmark.StringConcatenation: DefaultJob [N=1000]
Runtime = .NET 10.0.11 (10.0.11, 10.0.1126.37416), X64 RyuJIT x86-64-v3; GC = Concurrent Workstation
Mean = 348.138 μs, StdErr = 5.325 μs (1.53%), N = 98, StdDev = 52.718 μs
Min = 238.114 μs, Q1 = 308.413 μs, Median = 337.420 μs, Q3 = 388.657 μs, Max = 507.347 μs
IQR = 80.244 μs, LowerFence = 188.047 μs, UpperFence = 509.022 μs
ConfidenceInterval = [330.066 μs; 366.211 μs] (CI 99.9%), Margin = 18.072 μs (5.19% of Mean)
Skewness = 0.35, Kurtosis = 2.84, MValue = 3.11
-------------------- Histogram --------------------
[235.058 μs ; 265.074 μs) | @@@@@
[265.074 μs ; 278.953 μs) | @
[278.953 μs ; 306.960 μs) | @@@@@@@@@@@@@@@@
[306.960 μs ; 336.975 μs) | @@@@@@@@@@@@@@@@@@@@@@@@@@@
[336.975 μs ; 366.861 μs) | @@@@@@@@@@
[366.861 μs ; 396.877 μs) | @@@@@@@@@@@@@@@@@@@@@
[396.877 μs ; 428.158 μs) | @@@@@@@@@@@@
[428.158 μs ; 458.638 μs) | @@@@
[458.638 μs ; 492.081 μs) | @
[492.081 μs ; 522.355 μs) | @
---------------------------------------------------

StringBenchmark.StringBuilderConcatenation: DefaultJob [N=1000]
Runtime = .NET 10.0.11 (10.0.11, 10.0.1126.37416), X64 RyuJIT x86-64-v3; GC = Concurrent Workstation
Mean = 14.602 μs, StdErr = 0.108 μs (0.74%), N = 94, StdDev = 1.045 μs
Min = 11.587 μs, Q1 = 14.005 μs, Median = 14.391 μs, Q3 = 15.123 μs, Max = 17.032 μs
IQR = 1.118 μs, LowerFence = 12.327 μs, UpperFence = 16.801 μs
ConfidenceInterval = [14.236 μs; 14.968 μs] (CI 99.9%), Margin = 0.366 μs (2.51% of Mean)
Skewness = 0.25, Kurtosis = 3.09, MValue = 2.53
-------------------- Histogram --------------------
[11.285 μs ; 11.889 μs) | @
[11.889 μs ; 12.534 μs) | @
[12.534 μs ; 13.265 μs) | @@@@
[13.265 μs ; 13.933 μs) | @@@@@@@@@@
[13.933 μs ; 14.536 μs) | @@@@@@@@@@@@@@@@@@@@@@@@@@@@@@@@@@@@
[14.536 μs ; 15.160 μs) | @@@@@@@@@@@@@@@@@@@@
[15.160 μs ; 15.894 μs) | @@@@@@@
[15.894 μs ; 16.716 μs) | @@@@@@@@@@@@@
[16.716 μs ; 17.333 μs) | @@
---------------------------------------------------

StringBenchmark.StringConcatenation: DefaultJob [N=10000]
Runtime = .NET 10.0.11 (10.0.11, 10.0.1126.37416), X64 RyuJIT x86-64-v3; GC = Concurrent Workstation
Mean = 33.342 ms, StdErr = 0.188 ms (0.56%), N = 72, StdDev = 1.598 ms
Min = 27.437 ms, Q1 = 32.394 ms, Median = 33.094 ms, Q3 = 34.238 ms, Max = 36.799 ms
IQR = 1.844 ms, LowerFence = 29.628 ms, UpperFence = 37.005 ms
ConfidenceInterval = [32.696 ms; 33.988 ms] (CI 99.9%), Margin = 0.646 ms (1.94% of Mean)
Skewness = -0.32, Kurtosis = 4.17, MValue = 2
-------------------- Histogram --------------------
[26.933 ms ; 27.941 ms) | @
[27.941 ms ; 28.950 ms) | 
[28.950 ms ; 29.958 ms) | 
[29.958 ms ; 30.814 ms) | 
[30.814 ms ; 31.822 ms) | @@@@@@@@@
[31.822 ms ; 33.128 ms) | @@@@@@@@@@@@@@@@@@@@@@@@@@@@
[33.128 ms ; 34.239 ms) | @@@@@@@@@@@@@@@@
[34.239 ms ; 35.798 ms) | @@@@@@@@@@@@@@@
[35.798 ms ; 36.858 ms) | @@@
---------------------------------------------------

StringBenchmark.StringBuilderConcatenation: DefaultJob [N=10000]
Runtime = .NET 10.0.11 (10.0.11, 10.0.1126.37416), X64 RyuJIT x86-64-v3; GC = Concurrent Workstation
Mean = 161.714 μs, StdErr = 1.337 μs (0.83%), N = 100, StdDev = 13.374 μs
Min = 126.395 μs, Q1 = 154.847 μs, Median = 165.805 μs, Q3 = 170.538 μs, Max = 190.955 μs
IQR = 15.691 μs, LowerFence = 131.310 μs, UpperFence = 194.075 μs
ConfidenceInterval = [157.178 μs; 166.249 μs] (CI 99.9%), Margin = 4.536 μs (2.80% of Mean)
Skewness = -0.7, Kurtosis = 2.93, MValue = 2.49
-------------------- Histogram --------------------
[125.822 μs ; 133.386 μs) | @@@@
[133.386 μs ; 136.220 μs) | 
[136.220 μs ; 145.186 μs) | @@@@@@@@@@@@
[145.186 μs ; 153.742 μs) | @@@@@@@@
[153.742 μs ; 161.929 μs) | @@@@@@@@@@@
[161.929 μs ; 169.492 μs) | @@@@@@@@@@@@@@@@@@@@@@@@@@@@@@@@@@@@@@@
[169.492 μs ; 180.094 μs) | @@@@@@@@@@@@@@@@@@@@
[180.094 μs ; 187.657 μs) | @@@@@
[187.657 μs ; 194.737 μs) | @
---------------------------------------------------

StringBenchmark.StringConcatenation: DefaultJob [N=100000]
Runtime = .NET 10.0.11 (10.0.11, 10.0.1126.37416), X64 RyuJIT x86-64-v3; GC = Concurrent Workstation
Mean = 10.747 s, StdErr = 0.027 s (0.25%), N = 14, StdDev = 0.099 s
Min = 10.539 s, Q1 = 10.687 s, Median = 10.758 s, Q3 = 10.809 s, Max = 10.924 s
IQR = 0.122 s, LowerFence = 10.504 s, UpperFence = 10.992 s
ConfidenceInterval = [10.635 s; 10.859 s] (CI 99.9%), Margin = 0.112 s (1.04% of Mean)
Skewness = -0.21, Kurtosis = 2.45, MValue = 2
-------------------- Histogram --------------------
[10.484 s ; 10.978 s) | @@@@@@@@@@@@@@
---------------------------------------------------

StringBenchmark.StringBuilderConcatenation: DefaultJob [N=100000]
Runtime = .NET 10.0.11 (10.0.11, 10.0.1126.37416), X64 RyuJIT x86-64-v3; GC = Concurrent Workstation
Mean = 2.814 ms, StdErr = 0.013 ms (0.47%), N = 30, StdDev = 0.073 ms
Min = 2.695 ms, Q1 = 2.773 ms, Median = 2.811 ms, Q3 = 2.845 ms, Max = 3.019 ms
IQR = 0.073 ms, LowerFence = 2.664 ms, UpperFence = 2.954 ms
ConfidenceInterval = [2.765 ms; 2.863 ms] (CI 99.9%), Margin = 0.049 ms (1.73% of Mean)
Skewness = 0.64, Kurtosis = 3.46, MValue = 2
-------------------- Histogram --------------------
[2.695 ms ; 2.756 ms) | @@@@@@
[2.756 ms ; 2.839 ms) | @@@@@@@@@@@@@@@@
[2.839 ms ; 2.910 ms) | @@@@@@
[2.910 ms ; 2.983 ms) | @
[2.983 ms ; 3.050 ms) | @
---------------------------------------------------

// * Summary *

BenchmarkDotNet v0.16.0-preview.2, Windows 10 (10.0.19045.6466/22H2/2022Update)
Intel Core i7-10750H CPU 2.60GHz (Max: 2.59GHz), 1 CPU, 12 logical and 6 physical cores
Memory: 7.8 GB Total, 0.98 GB Available
.NET SDK 10.0.400
  [Host]     : .NET 10.0.11 (10.0.11, 10.0.1126.37416), X64 RyuJIT x86-64-v3
  DefaultJob : .NET 10.0.11 (10.0.11, 10.0.1126.37416), X64 RyuJIT x86-64-v3


| Method                     | N      | Mean                | Error             | StdDev           | Median              | Gen0          | Gen1          | Gen2          | Allocated      |
|--------------------------- |------- |--------------------:|------------------:|-----------------:|--------------------:|--------------:|--------------:|--------------:|---------------:|
| StringConcatenation        | 100    |          3,644.5 ns |         153.79 ns |        446.16 ns |          3,621.7 ns |        3.3188 |             - |             - |       20.37 KB |
| StringBuilderConcatenation | 100    |            494.1 ns |          16.54 ns |         48.24 ns |            496.7 ns |        0.2031 |             - |             - |        1.25 KB |
| StringConcatenation        | 1000   |        348,138.1 ns |      18,072.48 ns |     52,718.28 ns |        337,419.8 ns |      452.6367 |        6.3477 |             - |     2773.88 KB |
| StringBuilderConcatenation | 1000   |         14,602.1 ns |         366.42 ns |      1,045.43 ns |         14,391.2 ns |        5.9052 |        0.1831 |             - |       36.18 KB |
| StringConcatenation        | 10000  |     33,341,952.6 ns |     646,402.43 ns |  1,597,746.77 ns |     33,093,532.1 ns |    60142.8571 |    10785.7143 |             - |   370543.41 KB |
| StringBuilderConcatenation | 10000  |        161,713.6 ns |       4,535.90 ns |     13,374.20 ns |        165,804.6 ns |       74.4629 |       14.8926 |             - |      458.59 KB |
| StringConcatenation        | 100000 | 10,746,864,742.9 ns | 112,091,952.18 ns | 99,366,595.98 ns | 10,757,844,350.0 ns | 10857000.0000 | 10783000.0000 | 10771000.0000 | 46794320.74 KB |
| StringBuilderConcatenation | 100000 |      2,814,170.2 ns |      48,762.07 ns |     72,984.78 ns |      2,811,446.3 ns |      746.0938 |      742.1875 |      246.0938 |     5044.78 KB |

// * Warnings *
MultimodalDistribution
  StringBenchmark.StringBuilderConcatenation: Default -> It seems that the distribution can have several modes (mValue = 2.93)
  StringBenchmark.StringConcatenation: Default        -> It seems that the distribution can have several modes (mValue = 3.11)

// * Hints *
Outliers
  StringBenchmark.StringConcatenation: Default        -> 3 outliers were removed (5.10 μs..5.51 μs)
  StringBenchmark.StringBuilderConcatenation: Default -> 2 outliers were removed (636.70 ns, 649.98 ns)
  StringBenchmark.StringConcatenation: Default        -> 2 outliers were removed (535.27 μs, 626.53 μs)
  StringBenchmark.StringBuilderConcatenation: Default -> 6 outliers were removed, 7 outliers were detected (11.59 μs, 17.57 μs..18.16 μs)
  StringBenchmark.StringConcatenation: Default        -> 2 outliers were removed, 3 outliers were detected (27.44 ms, 37.61 ms, 38.71 ms)
  StringBenchmark.StringBuilderConcatenation: Default -> 2 outliers were detected (126.40 μs, 129.07 μs)
  StringBenchmark.StringConcatenation: Default        -> 1 outlier  was  removed (11.46 s)
  StringBenchmark.StringBuilderConcatenation: Default -> 5 outliers were removed (3.07 ms..3.28 ms)

// * Legends *
  N         : Value of the 'N' parameter
  Mean      : Arithmetic mean of all measurements
  Error     : Half of 99.9% confidence interval
  StdDev    : Standard deviation of all measurements
  Median    : Value separating the higher half of all measurements (50th percentile)
  Gen0      : GC Generation 0 collects per 1000 operations
  Gen1      : GC Generation 1 collects per 1000 operations
  Gen2      : GC Generation 2 collects per 1000 operations
  Allocated : Allocated memory per single operation (managed only, inclusive, 1KB = 1024B)
  1 ns      : 1 Nanosecond (0.000000001 sec)

// * Diagnostic Output - MemoryDiagnoser *


// ***** BenchmarkRunner: End *****
Run time: 00:12:31 (751.38 sec), executed benchmarks: 8

Global total time: 00:12:49 (769.83 sec), executed benchmarks: 8
// * Artifacts cleanup *
Artifacts cleanup is finished
